"name","code","income","year","yearcode","mcs"
"Zimbabwe","ABW","High",2000,1,16.5102
"Zimbabwe","ABW","High",2001,2,57.0518
"Zimbabwe","ABW","High",2002,3,65.0581
"Zimbabwe","ABW","High",2003,4,72.1028
"Zimbabwe","ABW","High",2004,5,99.6475
"Zimbabwe","ABW","High",2005,6,103.385
"Zimbabwe","ABW","High",2006,7,108.128
"Zimbabwe","ABW","High",2007,8,112.215
"Zimbabwe","ABW","High",2008,9,119.187
"Zimbabwe","ABW","High",2009,10,126.164
"Zimbabwe","ABW","High",2010,11,129.636
"Zimbabwe","ABW","High",2011,12,129.636
"Zimbabwe","ABW","High",2012,13,131.63
"Zimbabwe","ABW","High",2013,14,134.55
"Zimbabwe","ABW","High",2014,15,134.619
"Zimbabwe","ABW","High",2015,16,135.134
"Zimbabwe","ABW","High",2016,17,135.134
"Zimbabwe","ABW","High",2017,18,135.134
"Zimbabwe","ABW","High",2018,19,135.134
"Zimbabwe","ABW","High",2019,20,135.134
"Zimbabwe","AND","High",2000,1,36.004
"Zimbabwe","AND","High",2001,2,43.7015
"Zimbabwe","AND","High",2002,3,46.8101
"Zimbabwe","AND","High",2003,4,70.9095
"Zimbabwe","AND","High",2004,5,76.5516
"Zimbabwe","AND","High",2005,6,81.8593
"Zimbabwe","AND","High",2006,7,85.1975
"Zimbabwe","AND","High",2007,8,76.802
"Zimbabwe","AND","High",2008,9,76.5567
"Zimbabwe","AND","High",2009,10,76.4228
"Zimbabwe","AND","High",2010,11,77.5557
"Zimbabwe","AND","High",2011,12,77.6673
"Zimbabwe","AND","High",2012,13,77.4807
"Zimbabwe","AND","High",2013,14,79.148
"Zimbabwe","AND","High",2014,15,83.6239
"Zimbabwe","AND","High",2015,16,91.4435
"Zimbabwe","AND","High",2016,17,98.4928
"Zimbabwe","AND","High",2017,18,104.332
"Zimbabwe","AND","High",2018,19,107.283
"Zimbabwe","AND","High",2019,20,113.957
"Zimbabwe","ARE","High",2000,1,45.5675
"Zimbabwe","ARE","High",2001,2,57.81
"Zimbabwe","ARE","High",2002,3,69.7967
"Zimbabwe","ARE","High",2003,4,80.075
"Zimbabwe","ARE","High",2004,5,90.5261
"Zimbabwe","ARE","High",2005,6,98.8213
"Zimbabwe","ARE","High",2006,7,104.134
"Zimbabwe","ARE","High",2007,8,125.332
"Zimbabwe","ARE","High",2008,9,131.995
"Zimbabwe","ARE","High",2009,10,134.791
"Zimbabwe","ARE","High",2010,11,127.79
"Zimbabwe","ARE","High",2011,12,131.08
"Zimbabwe","ARE","High",2012,13,150.688
"Zimbabwe","ARE","High",2013,14,174.643
"Zimbabwe","ARE","High",2014,15,182.534
"Zimbabwe","ARE","High",2015,16,193.703
"Zimbabwe","ARE","High",2016,17,212.639
"Zimbabwe","ARE","High",2017,18,208.979
"Zimbabwe","ARE","High",2018,19,208.505
"Zimbabwe","ARE","High",2019,20,200.632
"Zimbabwe","ARG","Low",2000,1,17.5965
"Zimbabwe","ARG","Low",2001,2,18.0863
"Zimbabwe","ARG","Low",2002,3,17.4268
"Zimbabwe","ARG","Low",2003,4,20.5898
"Zimbabwe","ARG","Low",2004,5,35.1044
"Zimbabwe","ARG","Low",2005,6,56.9677
"Zimbabwe","ARG","Low",2006,7,80.1998
"Zimbabwe","ARG","Low",2007,8,101.808
"Zimbabwe","ARG","Low",2008,9,116.039
"Zimbabwe","ARG","Low",2009,10,129.642
"Zimbabwe","ARG","Low",2010,11,139.58
"Zimbabwe","ARG","Low",2011,12,146.955
"Zimbabwe","ARG","Low",2012,13,154.059
"Zimbabwe","ARG","Low",2013,14,159.639
"Zimbabwe","ARG","Low",2014,15,143.616
"Zimbabwe","ARG","Low",2015,16,143.567
"Zimbabwe","ARG","Low",2016,17,146.454
"Zimbabwe","ARG","Low",2017,18,140.877
"Zimbabwe","ARG","Low",2018,19,132.093
"Zimbabwe","ARG","Low",2019,20,130.874
"Zimbabwe","ATG","High",2000,1,28.9413
"Zimbabwe","ATG","High",2001,2,32.3784
"Zimbabwe","ATG","High",2002,3,48.7962
"Zimbabwe","ATG","High",2003,4,58.1337
"Zimbabwe","ATG","High",2004,5,67.2177
"Zimbabwe","ATG","High",2005,6,105.567
"Zimbabwe","ATG","High",2006,7,133.218
"Zimbabwe","ATG","High",2007,8,133.746
"Zimbabwe","ATG","High",2008,9,159.949
"Zimbabwe","ATG","High",2009,10,155.54
"Zimbabwe","ATG","High",2010,11,190.814
"Zimbabwe","ATG","High",2011,12,197.201
"Zimbabwe","ATG","High",2012,13,140.894
"Zimbabwe","ATG","High",2013,14,124.96
"Zimbabwe","ATG","High",2014,15,129.687
"Zimbabwe","ATG","High",2015,16,188.103
"Zimbabwe","ATG","High",2016,17,190.422
"Zimbabwe","ATG","High",2017,18,192.82
"Zimbabwe","ATG","High",2018,19,192.82
"Zimbabwe","ATG","High",2019,20,192.82
"Zimbabwe","AUS","High",2000,1,45.0835
"Zimbabwe","AUS","High",2001,2,57.9953
"Zimbabwe","AUS","High",2002,3,65.3047
"Zimbabwe","AUS","High",2003,4,73.1088
"Zimbabwe","AUS","High",2004,5,82.8988
"Zimbabwe","AUS","High",2005,6,91.2851
"Zimbabwe","AUS","High",2006,7,96.2667
"Zimbabwe","AUS","High",2007,8,101.643
"Zimbabwe","AUS","High",2008,9,103.693
"Zimbabwe","AUS","High",2009,10,102.065
"Zimbabwe","AUS","High",2010,11,101.559
"Zimbabwe","AUS","High",2011,12,105.551
"Zimbabwe","AUS","High",2012,13,106.261
"Zimbabwe","AUS","High",2013,14,107.246
"Zimbabwe","AUS","High",2014,15,106.203
"Zimbabwe","AUS","High",2015,16,107.678
"Zimbabwe","AUS","High",2016,17,109.431
"Zimbabwe","AUS","High",2017,18,111.708
"Zimbabwe","AUS","High",2018,19,113.579
"Zimbabwe","AUS","High",2019,20,110.621
"Zimbabwe","AUT","High",2000,1,75.8061
"Zimbabwe","AUT","High",2001,2,80.7755
"Zimbabwe","AUT","High",2002,3,82.8087
"Zimbabwe","AUT","High",2003,4,88.9693
"Zimbabwe","AUT","High",2004,5,97.2641
"Zimbabwe","AUT","High",2005,6,104.984
"Zimbabwe","AUT","High",2006,7,112.017
"Zimbabwe","AUT","High",2007,8,119.224
"Zimbabwe","AUT","High",2008,9,129.664
"Zimbabwe","AUT","High",2009,10,136.563
"Zimbabwe","AUT","High",2010,11,145.554
"Zimbabwe","AUT","High",2011,12,154.05
"Zimbabwe","AUT","High",2012,13,159.817
"Zimbabwe","AUT","High",2013,14,155.116
"Zimbabwe","AUT","High",2014,15,150.346
"Zimbabwe","AUT","High",2015,16,155.215
"Zimbabwe","AUT","High",2016,17,126.661
"Zimbabwe","AUT","High",2017,18,123.119
"Zimbabwe","AUT","High",2018,19,123.535
"Zimbabwe","AUT","High",2019,20,119.775
"Zimbabwe","AZE","Low",2000,1,5.17559
"Zimbabwe","AZE","Low",2001,2,8.90537
"Zimbabwe","AZE","Low",2002,3,9.59519
"Zimbabwe","AZE","Low",2003,4,12.6426
"Zimbabwe","AZE","Low",2004,5,17.2391
"Zimbabwe","AZE","Low",2005,6,26.2572
"Zimbabwe","AZE","Low",2006,7,38.5104
"Zimbabwe","AZE","Low",2007,8,51.7982
"Zimbabwe","AZE","Low",2008,9,74.2246
"Zimbabwe","AZE","Low",2009,10,86.9205
"Zimbabwe","AZE","Low",2010,11,100.749
"Zimbabwe","AZE","Low",2011,12,110.647
"Zimbabwe","AZE","Low",2012,13,109.288
"Zimbabwe","AZE","Low",2013,14,107.934
"Zimbabwe","AZE","Low",2014,15,111.013
"Zimbabwe","AZE","Low",2015,16,111.165
"Zimbabwe","AZE","Low",2016,17,104.652
"Zimbabwe","AZE","Low",2017,18,102.861
"Zimbabwe","AZE","Low",2018,19,103.921
"Zimbabwe","AZE","Low",2019,20,106.992
"Zimbabwe","BEL","High",2000,1,54.746
"Zimbabwe","BEL","High",2001,2,74.5904
"Zimbabwe","BEL","High",2002,3,78.1656
"Zimbabwe","BEL","High",2003,4,82.5973
"Zimbabwe","BEL","High",2004,5,87.1336
"Zimbabwe","BEL","High",2005,6,91.0666
"Zimbabwe","BEL","High",2006,7,92.7294
"Zimbabwe","BEL","High",2007,8,100.379
"Zimbabwe","BEL","High",2008,9,105.223
"Zimbabwe","BEL","High",2009,10,108.428
"Zimbabwe","BEL","High",2010,11,111.11
"Zimbabwe","BEL","High",2011,12,113.457
"Zimbabwe","BEL","High",2012,13,111.078
"Zimbabwe","BEL","High",2013,14,110.411
"Zimbabwe","BEL","High",2014,15,113.488
"Zimbabwe","BEL","High",2015,16,113.166
"Zimbabwe","BEL","High",2016,17,110.537
"Zimbabwe","BEL","High",2017,18,104.74
"Zimbabwe","BEL","High",2018,19,103.439
"Zimbabwe","BEL","High",2019,20,99.7421
"Zimbabwe","BGR","Low",2000,1,9.22736
"Zimbabwe","BGR","Low",2001,2,19.5443
"Zimbabwe","BGR","Low",2002,3,33.0215
"Zimbabwe","BGR","Low",2003,4,44.8581
"Zimbabwe","BGR","Low",2004,5,61.0711
"Zimbabwe","BGR","Low",2005,6,81.2404
"Zimbabwe","BGR","Low",2006,7,108.156
"Zimbabwe","BGR","Low",2007,8,130.631
"Zimbabwe","BGR","Low",2008,9,138.608
"Zimbabwe","BGR","Low",2009,10,139.892
"Zimbabwe","BGR","Low",2010,11,137.373
"Zimbabwe","BGR","Low",2011,12,141.965
"Zimbabwe","BGR","Low",2012,13,146.997
"Zimbabwe","BGR","Low",2013,14,143.85
"Zimbabwe","BGR","Low",2014,15,130.933
"Zimbabwe","BGR","Low",2015,16,127.708
"Zimbabwe","BGR","Low",2016,17,125.474
"Zimbabwe","BGR","Low",2017,18,120.14
"Zimbabwe","BGR","Low",2018,19,118.117
"Zimbabwe","BGR","Low",2019,20,116.206
"Zimbabwe","BHR","High",2000,1,30.9545
"Zimbabwe","BHR","High",2001,2,42.9488
"Zimbabwe","BHR","High",2002,3,52.9133
"Zimbabwe","BHR","High",2003,4,56.9031
"Zimbabwe","BHR","High",2004,5,78.2995
"Zimbabwe","BHR","High",2005,6,86.2724
"Zimbabwe","BHR","High",2006,7,94.6803
"Zimbabwe","BHR","High",2007,8,107.728
"Zimbabwe","BHR","High",2008,9,129.26
"Zimbabwe","BHR","High",2009,10,118.302
"Zimbabwe","BHR","High",2010,11,126.283
"Zimbabwe","BHR","High",2011,12,132.508
"Zimbabwe","BHR","High",2012,13,163.384
"Zimbabwe","BHR","High",2013,14,168.072
"Zimbabwe","BHR","High",2014,15,174.316
"Zimbabwe","BHR","High",2015,16,183.625
"Zimbabwe","BHR","High",2016,17,210.049
"Zimbabwe","BHR","High",2017,18,158.257
"Zimbabwe","BHR","High",2018,19,133.341
"Zimbabwe","BHR","High",2019,20,115.793
"Zimbabwe","BHS","High",2000,1,10.5767
"Zimbabwe","BHS","High",2001,2,20.0104
"Zimbabwe","BHS","High",2002,3,39.5758
"Zimbabwe","BHS","High",2003,4,39.0344
"Zimbabwe","BHS","High",2004,5,58.3288
"Zimbabwe","BHS","High",2005,6,70.1138
"Zimbabwe","BHS","High",2006,7,76.4235
"Zimbabwe","BHS","High",2007,8,110.851
"Zimbabwe","BHS","High",2008,9,104.181
"Zimbabwe","BHS","High",2009,10,102.634
"Zimbabwe","BHS","High",2010,11,120.689
"Zimbabwe","BHS","High",2011,12,83.0946
"Zimbabwe","BHS","High",2012,13,82.5119
"Zimbabwe","BHS","High",2013,14,78.1656
"Zimbabwe","BHS","High",2014,15,84.9471
"Zimbabwe","BHS","High",2015,16,83.1561
"Zimbabwe","BHS","High",2016,17,95.3087
"Zimbabwe","BHS","High",2017,18,92.6091
"Zimbabwe","BHS","High",2018,19,98.9508
"Zimbabwe","BHS","High",2019,20,109.249
"Zimbabwe","BLZ","Low",2000,1,6.79781
"Zimbabwe","BLZ","Low",2001,2,15.3511
"Zimbabwe","BLZ","Low",2002,3,19.7154
"Zimbabwe","BLZ","Low",2003,4,22.4192
"Zimbabwe","BLZ","Low",2004,5,27.1244
"Zimbabwe","BLZ","Low",2005,6,33.8266
"Zimbabwe","BLZ","Low",2006,7,40.504
"Zimbabwe","BLZ","Low",2007,8,39.5666
"Zimbabwe","BLZ","Low",2008,9,52.1578
"Zimbabwe","BLZ","Low",2009,10,51.416
"Zimbabwe","BLZ","Low",2010,11,60.2241
"Zimbabwe","BLZ","Low",2011,12,67.3477
"Zimbabwe","BLZ","Low",2012,13,51.0127
"Zimbabwe","BLZ","Low",2013,14,50.5084
"Zimbabwe","BLZ","Low",2014,15,48.7596
"Zimbabwe","BLZ","Low",2015,16,58.7217
"Zimbabwe","BLZ","Low",2016,17,60.5125
"Zimbabwe","BLZ","Low",2017,18,63.7203
"Zimbabwe","BLZ","Low",2018,19,85.527
"Zimbabwe","BLZ","Low",2019,20,65.3047
"Zimbabwe","BMU","High",2000,1,19.9963
"Zimbabwe","BMU","High",2001,2,20.409
"Zimbabwe","BMU","High",2002,3,45.6927
"Zimbabwe","BMU","High",2003,4,60.6584
"Zimbabwe","BMU","High",2004,5,74.0741
"Zimbabwe","BMU","High",2005,6,79.569
"Zimbabwe","BMU","High",2006,7,90.7197
"Zimbabwe","BMU","High",2007,8,104.342
"Zimbabwe","BMU","High",2008,9,119.822
"Zimbabwe","BMU","High",2009,10,129.427
"Zimbabwe","BMU","High",2010,11,134.885
"Zimbabwe","BMU","High",2011,12,134.885
"Zimbabwe","BMU","High",2012,13,140.569
"Zimbabwe","BMU","High",2013,14,146.46
"Zimbabwe","BMU","High",2014,15,92.9068
"Zimbabwe","BMU","High",2015,16,59.6621
"Zimbabwe","BMU","High",2016,17,100.835
"Zimbabwe","BMU","High",2017,18,103.09
"Zimbabwe","BMU","High",2018,19,103.09
"Zimbabwe","BMU","High",2019,20,103.09
"Zimbabwe","BOL","Low",2000,1,6.9209
"Zimbabwe","BOL","Low",2001,2,9.08969
"Zimbabwe","BOL","Low",2002,3,11.7048
"Zimbabwe","BOL","Low",2003,4,14.3596
"Zimbabwe","BOL","Low",2004,5,19.8564
"Zimbabwe","BOL","Low",2005,6,26.2275
"Zimbabwe","BOL","Low",2006,7,30.6121
"Zimbabwe","BOL","Low",2007,8,34.0475
"Zimbabwe","BOL","Low",2008,9,51.8297
"Zimbabwe","BOL","Low",2009,10,65.3974
"Zimbabwe","BOL","Low",2010,11,71.4458
"Zimbabwe","BOL","Low",2011,12,81.791
"Zimbabwe","BOL","Low",2012,13,91.4772
"Zimbabwe","BOL","Low",2013,14,98.8933
"Zimbabwe","BOL","Low",2014,15,97.6073
"Zimbabwe","BOL","Low",2015,16,93.4966
"Zimbabwe","BOL","Low",2016,17,91.6097
"Zimbabwe","BOL","Low",2017,18,97.9484
"Zimbabwe","BOL","Low",2018,19,100.816
"Zimbabwe","BOL","Low",2019,20,100.816
"Zimbabwe","BRA","Low",2000,1,13.2663
"Zimbabwe","BRA","Low",2001,2,16.2226
"Zimbabwe","BRA","Low",2002,3,19.4282
"Zimbabwe","BRA","Low",2003,4,25.5065
"Zimbabwe","BRA","Low",2004,5,35.6536
"Zimbabwe","BRA","Low",2005,6,46.318
"Zimbabwe","BRA","Low",2006,7,53.1009
"Zimbabwe","BRA","Low",2007,8,63.6301
"Zimbabwe","BRA","Low",2008,9,78.4467
"Zimbabwe","BRA","Low",2009,10,87.3633
"Zimbabwe","BRA","Low",2010,11,100.621
"Zimbabwe","BRA","Low",2011,12,118.653
"Zimbabwe","BRA","Low",2012,13,124.606
"Zimbabwe","BRA","Low",2013,14,134.851
"Zimbabwe","BRA","Low",2014,15,138.451
"Zimbabwe","BRA","Low",2015,16,126.088
"Zimbabwe","BRA","Low",2016,17,118.386
"Zimbabwe","BRA","Low",2017,18,105.014
"Zimbabwe","BRA","Low",2018,19,98.8435
"Zimbabwe","BRA","Low",2019,20,98.8435
"Zimbabwe","BRB","High",2000,1,10.4845
"Zimbabwe","BRB","High",2001,2,19.4903
"Zimbabwe","BRB","High",2002,3,35.5465
"Zimbabwe","BRB","High",2003,4,51.0336
"Zimbabwe","BRB","High",2004,5,72.7024
"Zimbabwe","BRB","High",2005,6,74.6192
"Zimbabwe","BRB","High",2006,7,85.4554
"Zimbabwe","BRB","High",2007,8,92.4277
"Zimbabwe","BRB","High",2008,9,103.113
"Zimbabwe","BRB","High",2009,10,119.906
"Zimbabwe","BRB","High",2010,11,124.077
"Zimbabwe","BRB","High",2011,12,122.945
"Zimbabwe","BRB","High",2012,13,123.121
"Zimbabwe","BRB","High",2013,14,108.235
"Zimbabwe","BRB","High",2014,15,107.243
"Zimbabwe","BRB","High",2015,16,117.337
"Zimbabwe","BRB","High",2016,17,116.24
"Zimbabwe","BRB","High",2017,18,115.139
"Zimbabwe","BRB","High",2018,19,122.573
"Zimbabwe","BRB","High",2019,20,108.609
"Zimbabwe","BRN","High",2000,1,28.5144
"Zimbabwe","BRN","High",2001,2,42.0558
"Zimbabwe","BRN","High",2002,3,44.3065
"Zimbabwe","BRN","High",2003,4,50.2034
"Zimbabwe","BRN","High",2004,5,56.3259
"Zimbabwe","BRN","High",2005,6,63.7883
"Zimbabwe","BRN","High",2006,7,81.4016
"Zimbabwe","BRN","High",2007,8,97.6459
"Zimbabwe","BRN","High",2008,9,105.123
"Zimbabwe","BRN","High",2009,10,107.548
"Zimbabwe","BRN","High",2010,11,111.954
"Zimbabwe","BRN","High",2011,12,112.567
"Zimbabwe","BRN","High",2012,13,117.733
"Zimbabwe","BRN","High",2013,14,115.922
"Zimbabwe","BRN","High",2014,15,110.319
"Zimbabwe","BRN","High",2015,16,111.684
"Zimbabwe","BRN","High",2016,17,124.691
"Zimbabwe","BRN","High",2017,18,128.331
"Zimbabwe","BRN","High",2018,19,131.934
"Zimbabwe","BRN","High",2019,20,128.645
"Zimbabwe","BWA","Low",2000,1,13.5207
"Zimbabwe","BWA","Low",2001,2,19.8405
"Zimbabwe","BWA","Low",2002,3,19.4917
"Zimbabwe","BWA","Low",2003,4,25.656
"Zimbabwe","BWA","Low",2004,5,29.6138
"Zimbabwe","BWA","Low",2005,6,31.3373
"Zimbabwe","BWA","Low",2006,7,44.8318
"Zimbabwe","BWA","Low",2007,8,61.4122
"Zimbabwe","BWA","Low",2008,9,77.5611
"Zimbabwe","BWA","Low",2009,10,95.9356
"Zimbabwe","BWA","Low",2010,11,118.937
"Zimbabwe","BWA","Low",2011,12,143.905
"Zimbabwe","BWA","Low",2012,13,151.098
"Zimbabwe","BWA","Low",2013,14,157.416
"Zimbabwe","BWA","Low",2014,15,163.29
"Zimbabwe","BWA","Low",2015,16,163.875
"Zimbabwe","BWA","Low",2016,17,152.273
"Zimbabwe","BWA","Low",2017,18,146.96
"Zimbabwe","BWA","Low",2018,19,150.006
"Zimbabwe","BWA","Low",2019,20,173.811
"Zimbabwe","CAN","High",2000,1,28.5304
"Zimbabwe","CAN","High",2001,2,34.485
"Zimbabwe","CAN","High",2002,3,38.0778
"Zimbabwe","CAN","High",2003,4,42.2097
"Zimbabwe","CAN","High",2004,5,47.2097
"Zimbabwe","CAN","High",2005,6,52.9052
"Zimbabwe","CAN","High",2006,7,57.624
"Zimbabwe","CAN","High",2007,8,61.5758
"Zimbabwe","CAN","High",2008,9,66.2689
"Zimbabwe","CAN","High",2009,10,70.5619
"Zimbabwe","CAN","High",2010,11,75.6288
"Zimbabwe","CAN","High",2011,12,77.7089
"Zimbabwe","CAN","High",2012,13,79.3768
"Zimbabwe","CAN","High",2013,14,80.3478
"Zimbabwe","CAN","High",2014,15,80.7221
"Zimbabwe","CAN","High",2015,16,82.6193
"Zimbabwe","CAN","High",2016,17,84.5231
"Zimbabwe","CAN","High",2017,18,86.2815
"Zimbabwe","CAN","High",2018,19,89.231
"Zimbabwe","CAN","High",2019,20,92.5261
"Zimbabwe","CHE","High",2000,1,64.931
"Zimbabwe","CHE","High",2001,2,73.4875
"Zimbabwe","CHE","High",2002,3,79.446
"Zimbabwe","CHE","High",2003,4,85.1499
"Zimbabwe","CHE","High",2004,5,85.6771
"Zimbabwe","CHE","High",2005,6,92.5193
"Zimbabwe","CHE","High",2006,7,99.7077
"Zimbabwe","CHE","High",2007,8,108.915
"Zimbabwe","CHE","High",2008,9,116.711
"Zimbabwe","CHE","High",2009,10,120.854
"Zimbabwe","CHE","High",2010,11,123.506
"Zimbabwe","CHE","High",2011,12,127.515
"Zimbabwe","CHE","High",2012,13,131.881
"Zimbabwe","CHE","High",2013,14,136.254
"Zimbabwe","CHE","High",2014,15,135.876
"Zimbabwe","CHE","High",2015,16,135.513
"Zimbabwe","CHE","High",2016,17,134.155
"Zimbabwe","CHE","High",2017,18,131.136
"Zimbabwe","CHE","High",2018,19,129.609
"Zimbabwe","CHE","High",2019,20,127.189
"Zimbabwe","CHL","High",2000,1,22.1708
"Zimbabwe","CHL","High",2001,2,32.8741
"Zimbabwe","CHL","High",2002,3,39.8122
"Zimbabwe","CHL","High",2003,4,45.8577
"Zimbabwe","CHL","High",2004,5,57.8295
"Zimbabwe","CHL","High",2005,6,65.3139
"Zimbabwe","CHL","High",2006,7,76.1307
"Zimbabwe","CHL","High",2007,8,84.4225
"Zimbabwe","CHL","High",2008,9,88.5586
"Zimbabwe","CHL","High",2009,10,97.4182
"Zimbabwe","CHL","High",2010,11,116.35
"Zimbabwe","CHL","High",2011,12,129.487
"Zimbabwe","CHL","High",2012,13,137.589
"Zimbabwe","CHL","High",2013,14,134.657
"Zimbabwe","CHL","High",2014,15,133.345
"Zimbabwe","CHL","High",2015,16,129.144
"Zimbabwe","CHL","High",2016,17,127.973
"Zimbabwe","CHL","High",2017,18,124.594
"Zimbabwe","CHL","High",2018,19,134.437
"Zimbabwe","CHL","High",2019,20,132.185
"Zimbabwe","CHN","Low",2000,1,6.60648
"Zimbabwe","CHN","Low",2001,2,11.1475
"Zimbabwe","CHN","Low",2002,3,15.7574
"Zimbabwe","CHN","Low",2003,4,20.524
"Zimbabwe","CHN","Low",2004,5,25.3063
"Zimbabwe","CHN","Low",2005,6,29.5621
"Zimbabwe","CHN","Low",2006,7,34.4482
"Zimbabwe","CHN","Low",2007,8,40.6618
"Zimbabwe","CHN","Low",2008,9,47.3744
"Zimbabwe","CHN","Low",2009,10,54.895
"Zimbabwe","CHN","Low",2010,11,62.7554
"Zimbabwe","CHN","Low",2011,12,71.6495
"Zimbabwe","CHN","Low",2012,13,80.346
"Zimbabwe","CHN","Low",2013,14,88.3057
"Zimbabwe","CHN","Low",2014,15,91.8996
"Zimbabwe","CHN","Low",2015,16,91.8354
"Zimbabwe","CHN","Low",2016,17,96.5266
"Zimbabwe","CHN","Low",2017,18,103.438
"Zimbabwe","CHN","Low",2018,19,114.955
"Zimbabwe","CHN","Low",2019,20,120.36
"Zimbabwe","COL","Low",2000,1,5.69468
"Zimbabwe","COL","Low",2001,2,8.11125
"Zimbabwe","COL","Low",2002,3,11.2454
"Zimbabwe","COL","Low",2003,4,14.9123
"Zimbabwe","COL","Low",2004,5,24.7186
"Zimbabwe","COL","Low",2005,6,51.2337
"Zimbabwe","COL","Low",2006,7,68.8937
"Zimbabwe","COL","Low",2007,8,77.6018
"Zimbabwe","COL","Low",2008,9,93.4692
"Zimbabwe","COL","Low",2009,10,94.2113
"Zimbabwe","COL","Low",2010,11,98.3525
"Zimbabwe","COL","Low",2011,12,101.177
"Zimbabwe","COL","Low",2012,13,106.491
"Zimbabwe","COL","Low",2013,14,108.172
"Zimbabwe","COL","Low",2014,15,117.805
"Zimbabwe","COL","Low",2015,16,120.637
"Zimbabwe","COL","Low",2016,17,121.816
"Zimbabwe","COL","Low",2017,18,127.214
"Zimbabwe","COL","Low",2018,19,129.909
"Zimbabwe","COL","Low",2019,20,131.672
"Zimbabwe","CRI","Low",2000,1,5.34059
"Zimbabwe","CRI","Low",2001,2,8.10456
"Zimbabwe","CRI","Low",2002,3,12.2528
"Zimbabwe","CRI","Low",2003,4,18.6909
"Zimbabwe","CRI","Low",2004,5,21.8473
"Zimbabwe","CRI","Low",2005,6,25.6984
"Zimbabwe","CRI","Low",2006,7,33.2239
"Zimbabwe","CRI","Low",2007,8,34.2417
"Zimbabwe","CRI","Low",2008,9,42.2702
"Zimbabwe","CRI","Low",2009,10,43.1416
"Zimbabwe","CRI","Low",2010,11,68.3442
"Zimbabwe","CRI","Low",2011,12,89.6393
"Zimbabwe","CRI","Low",2012,13,114.72
"Zimbabwe","CRI","Low",2013,14,149.975
"Zimbabwe","CRI","Low",2014,15,146.399
"Zimbabwe","CRI","Low",2015,16,155.444
"Zimbabwe","CRI","Low",2016,17,170.036
"Zimbabwe","CRI","Low",2017,18,178.594
"Zimbabwe","CRI","Low",2018,19,169.931
"Zimbabwe","CRI","Low",2019,20,161.884
"Zimbabwe","CYM","High",2000,1,25.2937
"Zimbabwe","CYM","High",2001,2,38.6935
"Zimbabwe","CYM","High",2002,3,41.8954
"Zimbabwe","CYM","High",2003,4,45.1192
"Zimbabwe","CYM","High",2004,5,70.5607
"Zimbabwe","CYM","High",2005,6,164.319
"Zimbabwe","CYM","High",2006,7,182.418
"Zimbabwe","CYM","High",2007,8,194.141
"Zimbabwe","CYM","High",2008,9,182.616
"Zimbabwe","CYM","High",2009,10,196.484
"Zimbabwe","CYM","High",2010,11,177.456
"Zimbabwe","CYM","High",2011,12,167.209
"Zimbabwe","CYM","High",2012,13,167.635
"Zimbabwe","CYM","High",2013,14,163.579
"Zimbabwe","CYM","High",2014,15,149.65
"Zimbabwe","CYM","High",2015,16,151.066
"Zimbabwe","CYM","High",2016,17,152.881
"Zimbabwe","CYM","High",2017,18,152.498
"Zimbabwe","CYM","High",2018,19,152.498
"Zimbabwe","CYM","High",2019,20,152.498
"Zimbabwe","CYP","High",2000,1,31.4769
"Zimbabwe","CYP","High",2001,2,44.8246
"Zimbabwe","CYP","High",2002,3,58.9385
"Zimbabwe","CYP","High",2003,4,76.8671
"Zimbabwe","CYP","High",2004,5,90.4789
"Zimbabwe","CYP","High",2005,6,106.016
"Zimbabwe","CYP","High",2006,7,115.658
"Zimbabwe","CYP","High",2007,8,128.955
"Zimbabwe","CYP","High",2008,9,129.405
"Zimbabwe","CYP","High",2009,10,121.115
"Zimbabwe","CYP","High",2010,11,124.933
"Zimbabwe","CYP","High",2011,12,128.498
"Zimbabwe","CYP","High",2012,13,128.595
"Zimbabwe","CYP","High",2013,14,127.581
"Zimbabwe","CYP","High",2014,15,130.192
"Zimbabwe","CYP","High",2015,16,131.79
"Zimbabwe","CYP","High",2016,17,133.417
"Zimbabwe","CYP","High",2017,18,138.48
"Zimbabwe","CYP","High",2018,19,100.934
"Zimbabwe","CYP","High",2019,20,143.85
"Zimbabwe","CZE","High",2000,1,42.2378
"Zimbabwe","CZE","High",2001,2,67.6385
"Zimbabwe","CZE","High",2002,3,83.9832
"Zimbabwe","CZE","High",2003,4,94.8194
"Zimbabwe","CZE","High",2004,5,105.304
"Zimbabwe","CZE","High",2005,6,114.795
"Zimbabwe","CZE","High",2006,7,120.465
"Zimbabwe","CZE","High",2007,8,127.72
"Zimbabwe","CZE","High",2008,9,132.18
"Zimbabwe","CZE","High",2009,10,124.546
"Zimbabwe","CZE","High",2010,11,122.755
"Zimbabwe","CZE","High",2011,12,124.617
"Zimbabwe","CZE","High",2012,13,127.791
"Zimbabwe","CZE","High",2013,14,129.592
"Zimbabwe","CZE","High",2014,15,131.366
"Zimbabwe","CZE","High",2015,16,117.481
"Zimbabwe","CZE","High",2016,17,117.574
"Zimbabwe","CZE","High",2017,18,118.751
"Zimbabwe","CZE","High",2018,19,119.174
"Zimbabwe","CZE","High",2019,20,123.536
"Zimbabwe","DEU","High",2000,1,59.2156
"Zimbabwe","DEU","High",2001,2,68.9052
"Zimbabwe","DEU","High",2002,3,72.5184
"Zimbabwe","DEU","High",2003,4,79.3978
"Zimbabwe","DEU","High",2004,5,87.3547
"Zimbabwe","DEU","High",2005,6,97.1426
"Zimbabwe","DEU","High",2006,7,105.13
"Zimbabwe","DEU","High",2007,8,118.4
"Zimbabwe","DEU","High",2008,9,130.17
"Zimbabwe","DEU","High",2009,10,129.79
"Zimbabwe","DEU","High",2010,11,109.369
"Zimbabwe","DEU","High",2011,12,112.423
"Zimbabwe","DEU","High",2012,13,114.113
"Zimbabwe","DEU","High",2013,14,123.233
"Zimbabwe","DEU","High",2014,15,122.197
"Zimbabwe","DEU","High",2015,16,117.818
"Zimbabwe","DEU","High",2016,17,125.885
"Zimbabwe","DEU","High",2017,18,132.759
"Zimbabwe","DEU","High",2018,19,129.324
"Zimbabwe","DEU","High",2019,20,128.357
"Zimbabwe","DNK","High",2000,1,62.9738
"Zimbabwe","DNK","High",2001,2,73.9104
"Zimbabwe","DNK","High",2002,3,83.3411
"Zimbabwe","DNK","High",2003,4,88.4932
"Zimbabwe","DNK","High",2004,5,95.6347
"Zimbabwe","DNK","High",2005,6,100.507
"Zimbabwe","DNK","High",2006,7,107.051
"Zimbabwe","DNK","High",2007,8,115.322
"Zimbabwe","DNK","High",2008,9,119.267
"Zimbabwe","DNK","High",2009,10,123.656
"Zimbabwe","DNK","High",2010,11,115.589
"Zimbabwe","DNK","High",2011,12,128.483
"Zimbabwe","DNK","High",2012,13,129.975
"Zimbabwe","DNK","High",2013,14,124.707
"Zimbabwe","DNK","High",2014,15,126.412
"Zimbabwe","DNK","High",2015,16,124.444
"Zimbabwe","DNK","High",2016,17,122.301
"Zimbabwe","DNK","High",2017,18,124.434
"Zimbabwe","DNK","High",2018,19,125.119
"Zimbabwe","DNK","High",2019,20,125.496
"Zimbabwe","DOM","Low",2000,1,8.32728
"Zimbabwe","DOM","Low",2001,2,14.7708
"Zimbabwe","DOM","Low",2002,3,19.4913
"Zimbabwe","DOM","Low",2003,4,23.6366
"Zimbabwe","DOM","Low",2004,5,28.2364
"Zimbabwe","DOM","Low",2005,6,39.8284
"Zimbabwe","DOM","Low",2006,7,49.96
"Zimbabwe","DOM","Low",2007,8,59.0314
"Zimbabwe","DOM","Low",2008,9,76.2363
"Zimbabwe","DOM","Low",2009,10,90.1123
"Zimbabwe","DOM","Low",2010,11,91.7243
"Zimbabwe","DOM","Low",2011,12,89.3773
"Zimbabwe","DOM","Low",2012,13,89.9635
"Zimbabwe","DOM","Low",2013,14,91.5625
"Zimbabwe","DOM","Low",2014,15,81.686
"Zimbabwe","DOM","Low",2015,16,85.5623
"Zimbabwe","DOM","Low",2016,17,83.7502
"Zimbabwe","DOM","Low",2017,18,83.4114
"Zimbabwe","DOM","Low",2018,19,84.1021
"Zimbabwe","DOM","Low",2019,20,83.3238
"Zimbabwe","ESP","High",2000,1,59.4371
"Zimbabwe","ESP","High",2001,2,71.7719
"Zimbabwe","ESP","High",2002,3,79.9889
"Zimbabwe","ESP","High",2003,4,87.3778
"Zimbabwe","ESP","High",2004,5,89.1805
"Zimbabwe","ESP","High",2005,6,96.9899
"Zimbabwe","ESP","High",2006,7,102.161
"Zimbabwe","ESP","High",2007,8,106.589
"Zimbabwe","ESP","High",2008,9,107.716
"Zimbabwe","ESP","High",2009,10,109.594
"Zimbabwe","ESP","High",2010,11,109.5
"Zimbabwe","ESP","High",2011,12,111.695
"Zimbabwe","ESP","High",2012,13,107.654
"Zimbabwe","ESP","High",2013,14,106.879
"Zimbabwe","ESP","High",2014,15,108.612
"Zimbabwe","ESP","High",2015,16,109.419
"Zimbabwe","ESP","High",2016,17,110.48
"Zimbabwe","ESP","High",2017,18,112.561
"Zimbabwe","ESP","High",2018,19,115.871
"Zimbabwe","ESP","High",2019,20,118.253
"Zimbabwe","EST","High",2000,1,39.811
"Zimbabwe","EST","High",2001,2,46.7907
"Zimbabwe","EST","High",2002,3,63.7144
"Zimbabwe","EST","High",2003,4,76.4975
"Zimbabwe","EST","High",2004,5,92.0918
"Zimbabwe","EST","High",2005,6,106.613
"Zimbabwe","EST","High",2006,7,122.925
"Zimbabwe","EST","High",2007,8,125.11
"Zimbabwe","EST","High",2008,9,121.222
"Zimbabwe","EST","High",2009,10,117.543
"Zimbabwe","EST","High",2010,11,124.075
"Zimbabwe","EST","High",2011,12,136.029
"Zimbabwe","EST","High",2012,13,151.135
"Zimbabwe","EST","High",2013,14,146.121
"Zimbabwe","EST","High",2014,15,144.16
"Zimbabwe","EST","High",2015,16,144.721
"Zimbabwe","EST","High",2016,17,144.163
"Zimbabwe","EST","High",2017,18,144.341
"Zimbabwe","EST","High",2018,19,145.438
"Zimbabwe","EST","High",2019,20,147.177
"Zimbabwe","FIN","High",2000,1,71.8708
"Zimbabwe","FIN","High",2001,2,80.2924
"Zimbabwe","FIN","High",2002,3,86.6383
"Zimbabwe","FIN","High",2003,4,90.8177
"Zimbabwe","FIN","High",2004,5,95.1514
"Zimbabwe","FIN","High",2005,6,100.211
"Zimbabwe","FIN","High",2006,7,107.437
"Zimbabwe","FIN","High",2007,8,114.766
"Zimbabwe","FIN","High",2008,9,128.397
"Zimbabwe","FIN","High",2009,10,144.134
"Zimbabwe","FIN","High",2010,11,156.361
"Zimbabwe","FIN","High",2011,12,165.862
"Zimbabwe","FIN","High",2012,13,172.122
"Zimbabwe","FIN","High",2013,14,136.261
"Zimbabwe","FIN","High",2014,15,139.206
"Zimbabwe","FIN","High",2015,16,134.94
"Zimbabwe","FIN","High",2016,17,133.985
"Zimbabwe","FIN","High",2017,18,132.635
"Zimbabwe","FIN","High",2018,19,132.185
"Zimbabwe","FIN","High",2019,20,129.244
"Zimbabwe","FJI","Low",2000,1,6.78873
"Zimbabwe","FJI","Low",2001,2,9.94355
"Zimbabwe","FJI","Low",2002,3,11.0272
"Zimbabwe","FJI","Low",2003,4,13.4647
"Zimbabwe","FJI","Low",2004,5,17.3856
"Zimbabwe","FJI","Low",2005,6,24.9512
"Zimbabwe","FJI","Low",2006,7,34.3847
"Zimbabwe","FJI","Low",2007,8,63.3885
"Zimbabwe","FJI","Low",2008,9,70.9756
"Zimbabwe","FJI","Low",2009,10,74.9733
"Zimbabwe","FJI","Low",2010,11,81.1707
"Zimbabwe","FJI","Low",2011,12,84.1972
"Zimbabwe","FJI","Low",2012,13,99.2764
"Zimbabwe","FJI","Low",2013,14,107.486
"Zimbabwe","FJI","Low",2014,15,101.122
"Zimbabwe","FJI","Low",2015,16,111.204
"Zimbabwe","FJI","Low",2016,17,119.749
"Zimbabwe","FJI","Low",2017,18,117.831
"Zimbabwe","FJI","Low",2018,19,117.831
"Zimbabwe","FJI","Low",2019,20,117.831
"Zimbabwe","FRA","High",2000,1,49.2287
"Zimbabwe","FRA","High",2001,2,62.3018
"Zimbabwe","FRA","High",2002,3,64.5202
"Zimbabwe","FRA","High",2003,4,69.2131
"Zimbabwe","FRA","High",2004,5,73.3863
"Zimbabwe","FRA","High",2005,6,78.6778
"Zimbabwe","FRA","High",2006,7,83.9911
"Zimbabwe","FRA","High",2007,8,89.476
"Zimbabwe","FRA","High",2008,9,93.1888
"Zimbabwe","FRA","High",2009,10,92.6052
"Zimbabwe","FRA","High",2010,11,91.898
"Zimbabwe","FRA","High",2011,12,94.6123
"Zimbabwe","FRA","High",2012,13,97.9482
"Zimbabwe","FRA","High",2013,14,99.1086
"Zimbabwe","FRA","High",2014,15,101.918
"Zimbabwe","FRA","High",2015,16,103.456
"Zimbabwe","FRA","High",2016,17,104.49
"Zimbabwe","FRA","High",2017,18,106.439
"Zimbabwe","FRA","High",2018,19,108.408
"Zimbabwe","FRA","High",2019,20,110.615
"Zimbabwe","FRO","High",2000,1,36.3133
"Zimbabwe","FRO","High",2001,2,52.1033
"Zimbabwe","FRO","High",2002,3,73.5439
"Zimbabwe","FRO","High",2003,4,80.1695
"Zimbabwe","FRO","High",2004,5,86.7605
"Zimbabwe","FRO","High",2005,6,88.0768
"Zimbabwe","FRO","High",2006,7,104.547
"Zimbabwe","FRO","High",2007,8,109.083
"Zimbabwe","FRO","High",2008,9,114.722
"Zimbabwe","FRO","High",2009,10,119.212
"Zimbabwe","FRO","High",2010,11,124.328
"Zimbabwe","FRO","High",2011,12,122.274
"Zimbabwe","FRO","High",2012,13,122.739
"Zimbabwe","FRO","High",2013,14,120.586
"Zimbabwe","FRO","High",2014,15,121.522
"Zimbabwe","FRO","High",2015,16,110.743
"Zimbabwe","FRO","High",2016,17,113.107
"Zimbabwe","FRO","High",2017,18,116.474
"Zimbabwe","FRO","High",2018,19,116.474
"Zimbabwe","FRO","High",2019,20,116.474
"Zimbabwe","GAB","Low",2000,1,9.76912
"Zimbabwe","GAB","Low",2001,2,11.9237
"Zimbabwe","GAB","Low",2002,3,21.6786
"Zimbabwe","GAB","Low",2003,4,22.7281
"Zimbabwe","GAB","Low",2004,5,36.1478
"Zimbabwe","GAB","Low",2005,6,52.9784
"Zimbabwe","GAB","Low",2006,7,62.7896
"Zimbabwe","GAB","Low",2007,8,79.3848
"Zimbabwe","GAB","Low",2008,9,85.6085
"Zimbabwe","GAB","Low",2009,10,92.4198
"Zimbabwe","GAB","Low",2010,11,99.1294
"Zimbabwe","GAB","Low",2011,12,140.697
"Zimbabwe","GAB","Low",2012,13,146.182
"Zimbabwe","GAB","Low",2013,14,151.08
"Zimbabwe","GAB","Low",2014,15,155.682
"Zimbabwe","GAB","Low",2015,16,144.867
"Zimbabwe","GAB","Low",2016,17,147.543
"Zimbabwe","GAB","Low",2017,18,128.982
"Zimbabwe","GAB","Low",2018,19,138.281
"Zimbabwe","GAB","Low",2019,20,138.281
"Zimbabwe","GBR","High",2000,1,73.7433
"Zimbabwe","GBR","High",2001,2,78.2809
"Zimbabwe","GBR","High",2002,3,82.9784
"Zimbabwe","GBR","High",2003,4,91.0929
"Zimbabwe","GBR","High",2004,5,99.6913
"Zimbabwe","GBR","High",2005,6,108.598
"Zimbabwe","GBR","High",2006,7,115.219
"Zimbabwe","GBR","High",2007,8,120.146
"Zimbabwe","GBR","High",2008,9,120.59
"Zimbabwe","GBR","High",2009,10,121.73
"Zimbabwe","GBR","High",2010,11,120.911
"Zimbabwe","GBR","High",2011,12,120.525
"Zimbabwe","GBR","High",2012,13,121.393
"Zimbabwe","GBR","High",2013,14,121.067
"Zimbabwe","GBR","High",2014,15,119.928
"Zimbabwe","GBR","High",2015,16,120.332
"Zimbabwe","GBR","High",2016,17,119.056
"Zimbabwe","GBR","High",2017,18,118.621
"Zimbabwe","GBR","High",2018,19,117.549
"Zimbabwe","GBR","High",2019,20,117.549
"Zimbabwe","GIB","High",2000,1,17.8846
"Zimbabwe","GIB","High",2001,2,31.0012
"Zimbabwe","GIB","High",2002,3,37.9011
"Zimbabwe","GIB","High",2003,4,48.8404
"Zimbabwe","GIB","High",2004,5,55.8552
"Zimbabwe","GIB","High",2005,6,60.2065
"Zimbabwe","GIB","High",2006,7,65.8348
"Zimbabwe","GIB","High",2007,8,71.6055
"Zimbabwe","GIB","High",2008,9,77.4755
"Zimbabwe","GIB","High",2009,10,85.2078
"Zimbabwe","GIB","High",2010,11,89.3256
"Zimbabwe","GIB","High",2011,12,96.6917
"Zimbabwe","GIB","High",2012,13,103.281
"Zimbabwe","GIB","High",2013,14,103.281
"Zimbabwe","GIB","High",2014,15,112.676
"Zimbabwe","GIB","High",2015,16,122.839
"Zimbabwe","GIB","High",2016,17,121.931
"Zimbabwe","GIB","High",2017,18,121.664
"Zimbabwe","GIB","High",2018,19,118.631
"Zimbabwe","GIB","High",2019,20,120.284
"Zimbabwe","GRC","High",2000,1,53.5314
"Zimbabwe","GRC","High",2001,2,71.5234
"Zimbabwe","GRC","High",2002,3,83.2946
"Zimbabwe","GRC","High",2003,4,79.6532
"Zimbabwe","GRC","High",2004,5,82.9937
"Zimbabwe","GRC","High",2005,6,91.4083
"Zimbabwe","GRC","High",2006,7,98.1636
"Zimbabwe","GRC","High",2007,8,110.562
"Zimbabwe","GRC","High",2008,9,124.991
"Zimbabwe","GRC","High",2009,10,121.314
"Zimbabwe","GRC","High",2010,11,112.905
"Zimbabwe","GRC","High",2011,12,111.995
"Zimbabwe","GRC","High",2012,13,123.923
"Zimbabwe","GRC","High",2013,14,116.556
"Zimbabwe","GRC","High",2014,15,113.485
"Zimbabwe","GRC","High",2015,16,117.889
"Zimbabwe","GRC","High",2016,17,118.123
"Zimbabwe","GRC","High",2017,18,122.401
"Zimbabwe","GRC","High",2018,19,115.667
"Zimbabwe","GRC","High",2019,20,113.449
"Zimbabwe","GRL","High",2000,1,26.9052
"Zimbabwe","GRL","High",2001,2,28.1961
"Zimbabwe","GRL","High",2002,3,35.2525
"Zimbabwe","GRL","High",2003,4,52.46
"Zimbabwe","GRL","High",2004,5,68.6463
"Zimbabwe","GRL","High",2005,6,81.614
"Zimbabwe","GRL","High",2006,7,94.6095
"Zimbabwe","GRL","High",2007,8,116.641
"Zimbabwe","GRL","High",2008,9,98.1967
"Zimbabwe","GRL","High",2009,10,94.2533
"Zimbabwe","GRL","High",2010,11,101.255
"Zimbabwe","GRL","High",2011,12,103.873
"Zimbabwe","GRL","High",2012,13,105.286
"Zimbabwe","GRL","High",2013,14,107.066
"Zimbabwe","GRL","High",2014,15,107.838
"Zimbabwe","GRL","High",2015,16,108.2
"Zimbabwe","GRL","High",2016,17,108.2
"Zimbabwe","GRL","High",2017,18,110.182
"Zimbabwe","GRL","High",2018,19,110.56
"Zimbabwe","GRL","High",2019,20,114.48
"Zimbabwe","GTM","Low",2000,1,7.3543
"Zimbabwe","GTM","Low",2001,2,9.6138
"Zimbabwe","GTM","Low",2002,3,12.9176
"Zimbabwe","GTM","Low",2003,4,16.2776
"Zimbabwe","GTM","Low",2004,5,24.7579
"Zimbabwe","GTM","Low",2005,6,34.4384
"Zimbabwe","GTM","Low",2006,7,53.5846
"Zimbabwe","GTM","Low",2007,8,86.8415
"Zimbabwe","GTM","Low",2008,9,106.727
"Zimbabwe","GTM","Low",2009,10,120.894
"Zimbabwe","GTM","Low",2010,11,123.496
"Zimbabwe","GTM","Low",2011,12,130.305
"Zimbabwe","GTM","Low",2012,13,136.123
"Zimbabwe","GTM","Low",2013,14,139.245
"Zimbabwe","GTM","Low",2014,15,106.208
"Zimbabwe","GTM","Low",2015,16,111.5
"Zimbabwe","GTM","Low",2016,17,110.14
"Zimbabwe","GTM","Low",2017,18,118.159
"Zimbabwe","GTM","Low",2018,19,118.667
"Zimbabwe","GTM","Low",2019,20,118.728
"Zimbabwe","GUM","High",2000,1,17.5112
"Zimbabwe","GUM","High",2001,2,20.8439
"Zimbabwe","GUM","High",2002,3,44.8542
"Zimbabwe","GUM","High",2003,4,50.597
"Zimbabwe","GUM","High",2004,5,61.9857
"Zimbabwe","GUM","High",2005,6,61.9857
"Zimbabwe","GUM","High",2006,7,61.9857
"Zimbabwe","GUM","High",2007,8,61.9857
"Zimbabwe","GUM","High",2008,9,61.9857
"Zimbabwe","GUM","High",2009,10,61.9857
"Zimbabwe","GUM","High",2010,11,NA
"Zimbabwe","GUM","High",2011,12,NA
"Zimbabwe","GUM","High",2012,13,NA
"Zimbabwe","GUM","High",2013,14,NA
"Zimbabwe","GUM","High",2014,15,NA
"Zimbabwe","GUM","High",2015,16,NA
"Zimbabwe","GUM","High",2016,17,NA
"Zimbabwe","GUM","High",2017,18,NA
"Zimbabwe","GUM","High",2018,19,NA
"Zimbabwe","GUM","High",2019,20,NA
"Zimbabwe","GUY","Low",2000,1,5.33403
"Zimbabwe","GUY","Low",2001,2,10.1073
"Zimbabwe","GUY","Low",2002,3,10.6607
"Zimbabwe","GUY","Low",2003,4,18.5139
"Zimbabwe","GUY","Low",2004,5,23.0183
"Zimbabwe","GUY","Low",2005,6,37.7087
"Zimbabwe","GUY","Low",2006,7,53.5947
"Zimbabwe","GUY","Low",2007,8,72.1759
"Zimbabwe","GUY","Low",2008,9,59.957
"Zimbabwe","GUY","Low",2009,10,65.3365
"Zimbabwe","GUY","Low",2010,11,74.7758
"Zimbabwe","GUY","Low",2011,12,70.3108
"Zimbabwe","GUY","Low",2012,13,72.4183
"Zimbabwe","GUY","Low",2013,14,73.0997
"Zimbabwe","GUY","Low",2014,15,74.2625
"Zimbabwe","GUY","Low",2015,16,70.7031
"Zimbabwe","GUY","Low",2016,17,75.7951
"Zimbabwe","GUY","Low",2017,18,82.9711
"Zimbabwe","GUY","Low",2018,19,82.9711
"Zimbabwe","GUY","Low",2019,20,82.9711
"Zimbabwe","HKG","High",2000,1,82.4565
"Zimbabwe","HKG","High",2001,2,86.67
"Zimbabwe","HKG","High",2002,3,95.4333
"Zimbabwe","HKG","High",2003,4,109.287
"Zimbabwe","HKG","High",2004,5,121.786
"Zimbabwe","HKG","High",2005,6,126.216
"Zimbabwe","HKG","High",2006,7,138.842
"Zimbabwe","HKG","High",2007,8,157.187
"Zimbabwe","HKG","High",2008,9,168.271
"Zimbabwe","HKG","High",2009,10,181.918
"Zimbabwe","HKG","High",2010,11,198.006
"Zimbabwe","HKG","High",2011,12,218.265
"Zimbabwe","HKG","High",2012,13,232.551
"Zimbabwe","HKG","High",2013,14,239.437
"Zimbabwe","HKG","High",2014,15,237.705
"Zimbabwe","HKG","High",2015,16,232.737
"Zimbabwe","HKG","High",2016,17,242.768
"Zimbabwe","HKG","High",2017,18,251.765
"Zimbabwe","HKG","High",2018,19,259.426
"Zimbabwe","HKG","High",2019,20,288.533
"Zimbabwe","HRV","High",2000,1,23.3284
"Zimbabwe","HRV","High",2001,2,39.8133
"Zimbabwe","HRV","High",2002,3,52.6093
"Zimbabwe","HRV","High",2003,4,57.8118
"Zimbabwe","HRV","High",2004,5,64.6801
"Zimbabwe","HRV","High",2005,6,83.3634
"Zimbabwe","HRV","High",2006,7,100.559
"Zimbabwe","HRV","High",2007,8,115.408
"Zimbabwe","HRV","High",2008,9,104.644
"Zimbabwe","HRV","High",2009,10,107.688
"Zimbabwe","HRV","High",2010,11,113.867
"Zimbabwe","HRV","High",2011,12,118.595
"Zimbabwe","HRV","High",2012,13,115.724
"Zimbabwe","HRV","High",2013,14,110.392
"Zimbabwe","HRV","High",2014,15,104.837
"Zimbabwe","HRV","High",2015,16,104.318
"Zimbabwe","HRV","High",2016,17,104.889
"Zimbabwe","HRV","High",2017,18,103.173
"Zimbabwe","HRV","High",2018,19,105.583
"Zimbabwe","HRV","High",2019,20,106.642
"Zimbabwe","HUN","High",2000,1,30.0991
"Zimbabwe","HUN","High",2001,2,48.7316
"Zimbabwe","HUN","High",2002,3,67.7281
"Zimbabwe","HUN","High",2003,4,78.3386
"Zimbabwe","HUN","High",2004,5,86.2841
"Zimbabwe","HUN","High",2005,6,92.4059
"Zimbabwe","HUN","High",2006,7,99.1056
"Zimbabwe","HUN","High",2007,8,110.034
"Zimbabwe","HUN","High",2008,9,122.341
"Zimbabwe","HUN","High",2009,10,118.405
"Zimbabwe","HUN","High",2010,11,120.997
"Zimbabwe","HUN","High",2011,12,118.132
"Zimbabwe","HUN","High",2012,13,117.387
"Zimbabwe","HUN","High",2013,14,117.861
"Zimbabwe","HUN","High",2014,15,119.597
"Zimbabwe","HUN","High",2015,16,101.254
"Zimbabwe","HUN","High",2016,17,102.041
"Zimbabwe","HUN","High",2017,18,102.212
"Zimbabwe","HUN","High",2018,19,103.445
"Zimbabwe","HUN","High",2019,20,106.072
"Zimbabwe","IRL","High",2000,1,65.0524
"Zimbabwe","IRL","High",2001,2,77.2986
"Zimbabwe","IRL","High",2002,3,76.7656
"Zimbabwe","IRL","High",2003,4,87.938
"Zimbabwe","IRL","High",2004,5,95.1177
"Zimbabwe","IRL","High",2005,6,103.11
"Zimbabwe","IRL","High",2006,7,110.862
"Zimbabwe","IRL","High",2007,8,114.939
"Zimbabwe","IRL","High",2008,9,114.318
"Zimbabwe","IRL","High",2009,10,104.671
"Zimbabwe","IRL","High",2010,11,103.231
"Zimbabwe","IRL","High",2011,12,106.866
"Zimbabwe","IRL","High",2012,13,108.799
"Zimbabwe","IRL","High",2013,14,105.75
"Zimbabwe","IRL","High",2014,15,106.176
"Zimbabwe","IRL","High",2015,16,105.365
"Zimbabwe","IRL","High",2016,17,103.819
"Zimbabwe","IRL","High",2017,18,103.063
"Zimbabwe","IRL","High",2018,19,103.171
"Zimbabwe","IRL","High",2019,20,105.382
"Zimbabwe","ISL","High",2000,1,76.6295
"Zimbabwe","ISL","High",2001,2,87.7076
"Zimbabwe","ISL","High",2002,3,91.2764
"Zimbabwe","ISL","High",2003,4,97.1238
"Zimbabwe","ISL","High",2004,5,99.6441
"Zimbabwe","ISL","High",2005,6,95.9756
"Zimbabwe","ISL","High",2006,7,100.735
"Zimbabwe","ISL","High",2007,8,106.853
"Zimbabwe","ISL","High",2008,9,108.385
"Zimbabwe","ISL","High",2009,10,107.484
"Zimbabwe","ISL","High",2010,11,106.477
"Zimbabwe","ISL","High",2011,12,106.372
"Zimbabwe","ISL","High",2012,13,108.126
"Zimbabwe","ISL","High",2013,14,108.887
"Zimbabwe","ISL","High",2014,15,112.615
"Zimbabwe","ISL","High",2015,16,116.253
"Zimbabwe","ISL","High",2016,17,120.893
"Zimbabwe","ISL","High",2017,18,122.808
"Zimbabwe","ISL","High",2018,19,126.137
"Zimbabwe","ISL","High",2019,20,121.949
"Zimbabwe","ISR","High",2000,1,73.9999
"Zimbabwe","ISR","High",2001,2,90.7592
"Zimbabwe","ISR","High",2002,3,102.118
"Zimbabwe","ISR","High",2003,4,105.415
"Zimbabwe","ISR","High",2004,5,112.905
"Zimbabwe","ISR","High",2005,6,118.8
"Zimbabwe","ISR","High",2006,7,125.793
"Zimbabwe","ISR","High",2007,8,130.01
"Zimbabwe","ISR","High",2008,9,127.933
"Zimbabwe","ISR","High",2009,10,125.479
"Zimbabwe","ISR","High",2010,11,124.019
"Zimbabwe","ISR","High",2011,12,122.878
"Zimbabwe","ISR","High",2012,13,121.143
"Zimbabwe","ISR","High",2013,14,122.821
"Zimbabwe","ISR","High",2014,15,120.954
"Zimbabwe","ISR","High",2015,16,132.481
"Zimbabwe","ISR","High",2016,17,130.349
"Zimbabwe","ISR","High",2017,18,127.853
"Zimbabwe","ISR","High",2018,19,127.662
"Zimbabwe","ISR","High",2019,20,126.77
"Zimbabwe","ITA","High",2000,1,74.5182
"Zimbabwe","ITA","High",2001,2,90.1026
"Zimbabwe","ITA","High",2002,3,94.7842
"Zimbabwe","ITA","High",2003,4,98.6197
"Zimbabwe","ITA","High",2004,5,108.286
"Zimbabwe","ITA","High",2005,6,122.681
"Zimbabwe","ITA","High",2006,7,137.367
"Zimbabwe","ITA","High",2007,8,152.858
"Zimbabwe","ITA","High",2008,9,153.323
"Zimbabwe","ITA","High",2009,10,152.325
"Zimbabwe","ITA","High",2010,11,157.886
"Zimbabwe","ITA","High",2011,12,161.172
"Zimbabwe","ITA","High",2012,13,162.307
"Zimbabwe","ITA","High",2013,14,160.991
"Zimbabwe","ITA","High",2014,15,148.842
"Zimbabwe","ITA","High",2015,16,144.756
"Zimbabwe","ITA","High",2016,17,141.694
"Zimbabwe","ITA","High",2017,18,138.234
"Zimbabwe","ITA","High",2018,19,137.467
"Zimbabwe","ITA","High",2019,20,133.081
"Zimbabwe","JAM","Low",2000,1,13.8227
"Zimbabwe","JAM","Low",2001,2,22.3511
"Zimbabwe","JAM","Low",2002,3,46.2327
"Zimbabwe","JAM","Low",2003,4,58.1804
"Zimbabwe","JAM","Low",2004,5,67.4327
"Zimbabwe","JAM","Low",2005,6,72.3161
"Zimbabwe","JAM","Low",2006,7,82.5822
"Zimbabwe","JAM","Low",2007,8,96.9693
"Zimbabwe","JAM","Low",2008,9,97.8952
"Zimbabwe","JAM","Low",2009,10,105.731
"Zimbabwe","JAM","Low",2010,11,113.22
"Zimbabwe","JAM","Low",2011,12,104.227
"Zimbabwe","JAM","Low",2012,13,95.5247
"Zimbabwe","JAM","Low",2013,14,99.5622
"Zimbabwe","JAM","Low",2014,15,104.534
"Zimbabwe","JAM","Low",2015,16,108.516
"Zimbabwe","JAM","Low",2016,17,112.425
"Zimbabwe","JAM","Low",2017,18,105.833
"Zimbabwe","JAM","Low",2018,19,101.027
"Zimbabwe","JAM","Low",2019,20,102.564
"Zimbabwe","JOR","Low",2000,1,7.59296
"Zimbabwe","JOR","Low",2001,2,16.5914
"Zimbabwe","JOR","Low",2002,3,22.9355
"Zimbabwe","JOR","Low",2003,4,24.3891
"Zimbabwe","JOR","Low",2004,5,29.1046
"Zimbabwe","JOR","Low",2005,6,54.4207
"Zimbabwe","JOR","Low",2006,7,72.4872
"Zimbabwe","JOR","Low",2007,8,76.2818
"Zimbabwe","JOR","Low",2008,9,81.043
"Zimbabwe","JOR","Low",2009,10,87.25
"Zimbabwe","JOR","Low",2010,11,91.1652
"Zimbabwe","JOR","Low",2011,12,97.6473
"Zimbabwe","JOR","Low",2012,13,111.054
"Zimbabwe","JOR","Low",2013,14,121.071
"Zimbabwe","JOR","Low",2014,15,124.371
"Zimbabwe","JOR","Low",2015,16,148.9
"Zimbabwe","JOR","Low",2016,17,102.765
"Zimbabwe","JOR","Low",2017,18,99.1564
"Zimbabwe","JOR","Low",2018,19,87.6215
"Zimbabwe","JOR","Low",2019,20,77.0046
"Zimbabwe","JPN","High",2000,1,52.37
"Zimbabwe","JPN","High",2001,2,58.5834
"Zimbabwe","JPN","High",2002,3,63.4267
"Zimbabwe","JPN","High",2003,4,67.6684
"Zimbabwe","JPN","High",2004,5,71.3502
"Zimbabwe","JPN","High",2005,6,75.1866
"Zimbabwe","JPN","High",2006,7,77.7323
"Zimbabwe","JPN","High",2007,8,83.5362
"Zimbabwe","JPN","High",2008,9,85.8847
"Zimbabwe","JPN","High",2009,10,90.4634
"Zimbabwe","JPN","High",2010,11,95.9117
"Zimbabwe","JPN","High",2011,12,103.317
"Zimbabwe","JPN","High",2012,13,109.894
"Zimbabwe","JPN","High",2013,14,115.254
"Zimbabwe","JPN","High",2014,15,123.163
"Zimbabwe","JPN","High",2015,16,125.452
"Zimbabwe","JPN","High",2016,17,130.595
"Zimbabwe","JPN","High",2017,18,135.519
"Zimbabwe","JPN","High",2018,19,139.201
"Zimbabwe","JPN","High",2019,20,139.201
"Zimbabwe","KOR","High",2000,1,56.5995
"Zimbabwe","KOR","High",2001,2,60.8843
"Zimbabwe","KOR","High",2002,3,67.3808
"Zimbabwe","KOR","High",2003,4,69.6045
"Zimbabwe","KOR","High",2004,5,75.4454
"Zimbabwe","KOR","High",2005,6,78.7299
"Zimbabwe","KOR","High",2006,7,82.2356
"Zimbabwe","KOR","High",2007,8,90.485
"Zimbabwe","KOR","High",2008,9,92.7302
"Zimbabwe","KOR","High",2009,10,97.1564
"Zimbabwe","KOR","High",2010,11,102.466
"Zimbabwe","KOR","High",2011,12,105.465
"Zimbabwe","KOR","High",2012,13,107.119
"Zimbabwe","KOR","High",2013,14,108.611
"Zimbabwe","KOR","High",2014,15,113.204
"Zimbabwe","KOR","High",2015,16,115.961
"Zimbabwe","KOR","High",2016,17,120.226
"Zimbabwe","KOR","High",2017,18,124.585
"Zimbabwe","KOR","High",2018,19,129.673
"Zimbabwe","KOR","High",2019,20,134.489
"Zimbabwe","KWT","High",2000,1,23.2749
"Zimbabwe","KWT","High",2001,2,41.7405
"Zimbabwe","KWT","High",2002,3,57.417
"Zimbabwe","KWT","High",2003,4,65.6913
"Zimbabwe","KWT","High",2004,5,80.6441
"Zimbabwe","KWT","High",2005,6,60.8794
"Zimbabwe","KWT","High",2006,7,49.694
"Zimbabwe","KWT","High",2007,8,56.9642
"Zimbabwe","KWT","High",2008,9,56.4724
"Zimbabwe","KWT","High",2009,10,92.8171
"Zimbabwe","KWT","High",2010,11,132.998
"Zimbabwe","KWT","High",2011,12,155.747
"Zimbabwe","KWT","High",2012,13,152.291
"Zimbabwe","KWT","High",2013,14,181.773
"Zimbabwe","KWT","High",2014,15,205.91
"Zimbabwe","KWT","High",2015,16,199.832
"Zimbabwe","KWT","High",2016,17,193.571
"Zimbabwe","KWT","High",2017,18,176.002
"Zimbabwe","KWT","High",2018,19,178.591
"Zimbabwe","KWT","High",2019,20,174.159
"Zimbabwe","LBN","Low",2000,1,19.335
"Zimbabwe","LBN","Low",2001,2,19.2121
"Zimbabwe","LBN","Low",2002,3,18.5334
"Zimbabwe","LBN","Low",2003,4,18.1265
"Zimbabwe","LBN","Low",2004,5,19.3559
"Zimbabwe","LBN","Low",2005,6,21.1451
"Zimbabwe","LBN","Low",2006,7,23.2456
"Zimbabwe","LBN","Low",2007,8,26.4298
"Zimbabwe","LBN","Low",2008,9,29.9492
"Zimbabwe","LBN","Low",2009,10,49.6635
"Zimbabwe","LBN","Low",2010,11,57.816
"Zimbabwe","LBN","Low",2011,12,66.4481
"Zimbabwe","LBN","Low",2012,13,67.8121
"Zimbabwe","LBN","Low",2013,14,65.6983
"Zimbabwe","LBN","Low",2014,15,70.0726
"Zimbabwe","LBN","Low",2015,16,71.2977
"Zimbabwe","LBN","Low",2016,17,63.7007
"Zimbabwe","LBN","Low",2017,18,64.5086
"Zimbabwe","LBN","Low",2018,19,64.4981
"Zimbabwe","LBN","Low",2019,20,61.8165
"Zimbabwe","LIE","High",2000,1,30.135
"Zimbabwe","LIE","High",2001,2,32.7849
"Zimbabwe","LIE","High",2002,3,33.6551
"Zimbabwe","LIE","High",2003,4,73.1529
"Zimbabwe","LIE","High",2004,5,74.016
"Zimbabwe","LIE","High",2005,6,79.2297
"Zimbabwe","LIE","High",2006,7,82.2276
"Zimbabwe","LIE","High",2007,8,90.9021
"Zimbabwe","LIE","High",2008,9,95.853
"Zimbabwe","LIE","High",2009,10,97.9651
"Zimbabwe","LIE","High",2010,11,98.6275
"Zimbabwe","LIE","High",2011,12,101.865
"Zimbabwe","LIE","High",2012,13,98.5389
"Zimbabwe","LIE","High",2013,14,104.042
"Zimbabwe","LIE","High",2014,15,109.212
"Zimbabwe","LIE","High",2015,16,109.287
"Zimbabwe","LIE","High",2016,17,117.632
"Zimbabwe","LIE","High",2017,18,122.757
"Zimbabwe","LIE","High",2018,19,124.648
"Zimbabwe","LIE","High",2019,20,127.06
"Zimbabwe","LTU","High",2000,1,14.9636
"Zimbabwe","LTU","High",2001,2,29.3065
"Zimbabwe","LTU","High",2002,3,47.7701
"Zimbabwe","LTU","High",2003,4,61.5695
"Zimbabwe","LTU","High",2004,5,90.2408
"Zimbabwe","LTU","High",2005,6,130.176
"Zimbabwe","LTU","High",2006,7,142.832
"Zimbabwe","LTU","High",2007,8,150.724
"Zimbabwe","LTU","High",2008,9,156.329
"Zimbabwe","LTU","High",2009,10,156.649
"Zimbabwe","LTU","High",2010,11,156.571
"Zimbabwe","LTU","High",2011,12,160.148
"Zimbabwe","LTU","High",2012,13,164.084
"Zimbabwe","LTU","High",2013,14,151.747
"Zimbabwe","LTU","High",2014,15,143.618
"Zimbabwe","LTU","High",2015,16,142.709
"Zimbabwe","LTU","High",2016,17,145.513
"Zimbabwe","LTU","High",2017,18,153.276
"Zimbabwe","LTU","High",2018,19,164.279
"Zimbabwe","LTU","High",2019,20,168.821
"Zimbabwe","LUX","High",2000,1,69.5418
"Zimbabwe","LUX","High",2001,2,92.9273
"Zimbabwe","LUX","High",2002,3,106.597
"Zimbabwe","LUX","High",2003,4,120.495
"Zimbabwe","LUX","High",2004,5,104.024
"Zimbabwe","LUX","High",2005,6,111.392
"Zimbabwe","LUX","High",2006,7,153.132
"Zimbabwe","LUX","High",2007,8,144.131
"Zimbabwe","LUX","High",2008,9,145.652
"Zimbabwe","LUX","High",2009,10,145.007
"Zimbabwe","LUX","High",2010,11,143.142
"Zimbabwe","LUX","High",2011,12,147.307
"Zimbabwe","LUX","High",2012,13,143.412
"Zimbabwe","LUX","High",2013,14,145.306
"Zimbabwe","LUX","High",2014,15,144.703
"Zimbabwe","LUX","High",2015,16,142.358
"Zimbabwe","LUX","High",2016,17,131.892
"Zimbabwe","LUX","High",2017,18,134.142
"Zimbabwe","LUX","High",2018,19,132.165
"Zimbabwe","LUX","High",2019,20,135.758
"Zimbabwe","LVA","High",2000,1,16.8307
"Zimbabwe","LVA","High",2001,2,27.8474
"Zimbabwe","LVA","High",2002,3,39.3219
"Zimbabwe","LVA","High",2003,4,52.8894
"Zimbabwe","LVA","High",2004,5,67.4316
"Zimbabwe","LVA","High",2005,6,83.1087
"Zimbabwe","LVA","High",2006,7,98.1407
"Zimbabwe","LVA","High",2007,8,100.861
"Zimbabwe","LVA","High",2008,9,105.865
"Zimbabwe","LVA","High",2009,10,107.405
"Zimbabwe","LVA","High",2010,11,108.837
"Zimbabwe","LVA","High",2011,12,110.288
"Zimbabwe","LVA","High",2012,13,127.156
"Zimbabwe","LVA","High",2013,14,125.088
"Zimbabwe","LVA","High",2014,15,117.949
"Zimbabwe","LVA","High",2015,16,129.651
"Zimbabwe","LVA","High",2016,17,134.241
"Zimbabwe","LVA","High",2017,18,126.294
"Zimbabwe","LVA","High",2018,19,107.349
"Zimbabwe","LVA","High",2019,20,108.657
"Zimbabwe","MAC","High",2000,1,32.9729
"Zimbabwe","MAC","High",2001,2,44.407
"Zimbabwe","MAC","High",2002,3,61.5252
"Zimbabwe","MAC","High",2003,4,79.1088
"Zimbabwe","MAC","High",2004,5,91.6991
"Zimbabwe","MAC","High",2005,6,110.334
"Zimbabwe","MAC","High",2006,7,128.868
"Zimbabwe","MAC","High",2007,8,157.444
"Zimbabwe","MAC","High",2008,9,181.003
"Zimbabwe","MAC","High",2009,10,197.071
"Zimbabwe","MAC","High",2010,11,208.514
"Zimbabwe","MAC","High",2011,12,245.664
"Zimbabwe","MAC","High",2012,13,286.054
"Zimbabwe","MAC","High",2013,14,298.29
"Zimbabwe","MAC","High",2014,15,314.542
"Zimbabwe","MAC","High",2015,16,314.922
"Zimbabwe","MAC","High",2016,17,321.452
"Zimbabwe","MAC","High",2017,18,328.79
"Zimbabwe","MAC","High",2018,19,345.325
"Zimbabwe","MAC","High",2019,20,345.325
"Zimbabwe","MAR","Low",2000,1,8.13373
"Zimbabwe","MAR","Low",2001,2,16.3829
"Zimbabwe","MAR","Low",2002,3,21.0447
"Zimbabwe","MAR","Low",2003,4,24.7117
"Zimbabwe","MAR","Low",2004,5,31.0039
"Zimbabwe","MAR","Low",2005,6,40.6914
"Zimbabwe","MAR","Low",2006,7,51.9555
"Zimbabwe","MAR","Low",2007,8,64.2713
"Zimbabwe","MAR","Low",2008,9,72.3462
"Zimbabwe","MAR","Low",2009,10,79.2718
"Zimbabwe","MAR","Low",2010,11,98.8835
"Zimbabwe","MAR","Low",2011,12,111.507
"Zimbabwe","MAR","Low",2012,13,117.371
"Zimbabwe","MAR","Low",2013,14,125.828
"Zimbabwe","MAR","Low",2014,15,129.019
"Zimbabwe","MAR","Low",2015,16,124.279
"Zimbabwe","MAR","Low",2016,17,118.185
"Zimbabwe","MAR","Low",2017,18,123.425
"Zimbabwe","MAR","Low",2018,19,124.172
"Zimbabwe","MAR","Low",2019,20,127.953
"Zimbabwe","MCO","High",2000,1,43.3229
"Zimbabwe","MCO","High",2001,2,44.0468
"Zimbabwe","MCO","High",2002,3,45.3393
"Zimbabwe","MCO","High",2003,4,45.4891
"Zimbabwe","MCO","High",2004,5,47.0149
"Zimbabwe","MCO","High",2005,6,50.7963
"Zimbabwe","MCO","High",2006,7,53.5449
"Zimbabwe","MCO","High",2007,8,59.0876
"Zimbabwe","MCO","High",2008,9,63.0879
"Zimbabwe","MCO","High",2009,10,65.2927
"Zimbabwe","MCO","High",2010,11,65.7475
"Zimbabwe","MCO","High",2011,12,88.2439
"Zimbabwe","MCO","High",2012,13,91.045
"Zimbabwe","MCO","High",2013,14,96.1058
"Zimbabwe","MCO","High",2014,15,90.2283
"Zimbabwe","MCO","High",2015,16,90.1957
"Zimbabwe","MCO","High",2016,17,87.4626
"Zimbabwe","MCO","High",2017,18,85.8981
"Zimbabwe","MCO","High",2018,19,84.507
"Zimbabwe","MCO","High",2019,20,86.7031
"Zimbabwe","MEX","Low",2000,1,14.2345
"Zimbabwe","MEX","Low",2001,2,21.6929
"Zimbabwe","MEX","Low",2002,3,25.4987
"Zimbabwe","MEX","Low",2003,4,29.1981
"Zimbabwe","MEX","Low",2004,5,36.7901
"Zimbabwe","MEX","Low",2005,6,44.4589
"Zimbabwe","MEX","Low",2006,7,51.5018
"Zimbabwe","MEX","Low",2007,8,60.9684
"Zimbabwe","MEX","Low",2008,9,67.9541
"Zimbabwe","MEX","Low",2009,10,73.9736
"Zimbabwe","MEX","Low",2010,11,80.0956
"Zimbabwe","MEX","Low",2011,12,81.7519
"Zimbabwe","MEX","Low",2012,13,85.8904
"Zimbabwe","MEX","Low",2013,14,89.8342
"Zimbabwe","MEX","Low",2014,15,87.1989
"Zimbabwe","MEX","Low",2015,16,88.3718
"Zimbabwe","MEX","Low",2016,17,90.5924
"Zimbabwe","MEX","Low",2017,18,91.6267
"Zimbabwe","MEX","Low",2018,19,93.0078
"Zimbabwe","MEX","Low",2019,20,95.1333
"Zimbabwe","MKD","Low",2000,1,5.68837
"Zimbabwe","MKD","Low",2001,2,10.9296
"Zimbabwe","MKD","Low",2002,3,17.8311
"Zimbabwe","MKD","Low",2003,4,37.7905
"Zimbabwe","MKD","Low",2004,5,47.9133
"Zimbabwe","MKD","Low",2005,6,54.8959
"Zimbabwe","MKD","Low",2006,7,61.2584
"Zimbabwe","MKD","Low",2007,8,86.8796
"Zimbabwe","MKD","Low",2008,9,95.1733
"Zimbabwe","MKD","Low",2009,10,93.9188
"Zimbabwe","MKD","Low",2010,11,103.993
"Zimbabwe","MKD","Low",2011,12,106.791
"Zimbabwe","MKD","Low",2012,13,107.771
"Zimbabwe","MKD","Low",2013,14,107.764
"Zimbabwe","MKD","Low",2014,15,107.059
"Zimbabwe","MKD","Low",2015,16,100.205
"Zimbabwe","MKD","Low",2016,17,98.5462
"Zimbabwe","MKD","Low",2017,18,96.4463
"Zimbabwe","MKD","Low",2018,19,98.4558
"Zimbabwe","MKD","Low",2019,20,98.6503
"Zimbabwe","MLT","High",2000,1,29.0729
"Zimbabwe","MLT","High",2001,2,60.4086
"Zimbabwe","MLT","High",2002,3,69.4373
"Zimbabwe","MLT","High",2003,4,72.3426
"Zimbabwe","MLT","High",2004,5,75.9816
"Zimbabwe","MLT","High",2005,6,80.0637
"Zimbabwe","MLT","High",2006,7,85.3426
"Zimbabwe","MLT","High",2007,8,90.3588
"Zimbabwe","MLT","High",2008,9,94.1745
"Zimbabwe","MLT","High",2009,10,102.559
"Zimbabwe","MLT","High",2010,11,109.976
"Zimbabwe","MLT","High",2011,12,124.906
"Zimbabwe","MLT","High",2012,13,126.177
"Zimbabwe","MLT","High",2013,14,130.623
"Zimbabwe","MLT","High",2014,15,126.972
"Zimbabwe","MLT","High",2015,16,120.897
"Zimbabwe","MLT","High",2016,17,134.252
"Zimbabwe","MLT","High",2017,18,138.094
"Zimbabwe","MLT","High",2018,19,140.204
"Zimbabwe","MLT","High",2019,20,144.144
"Zimbabwe","MNG","Low",2000,1,6.4486
"Zimbabwe","MNG","Low",2001,2,8.05922
"Zimbabwe","MNG","Low",2002,3,8.84061
"Zimbabwe","MNG","Low",2003,4,12.9215
"Zimbabwe","MNG","Low",2004,5,17.1726
"Zimbabwe","MNG","Low",2005,6,22.0552
"Zimbabwe","MNG","Low",2006,7,30.2831
"Zimbabwe","MNG","Low",2007,8,46.055
"Zimbabwe","MNG","Low",2008,9,66.9926
"Zimbabwe","MNG","Low",2009,10,84.1135
"Zimbabwe","MNG","Low",2010,11,92.3002
"Zimbabwe","MNG","Low",2011,12,106.207
"Zimbabwe","MNG","Low",2012,13,119.489
"Zimbabwe","MNG","Low",2013,14,99.854
"Zimbabwe","MNG","Low",2014,15,102.964
"Zimbabwe","MNG","Low",2015,16,102.325
"Zimbabwe","MNG","Low",2016,17,110.182
"Zimbabwe","MNG","Low",2017,18,124.805
"Zimbabwe","MNG","Low",2018,19,133.178
"Zimbabwe","MNG","Low",2019,20,137.014
"Zimbabwe","MNP","High",2000,1,5.22166
"Zimbabwe","MNP","High",2001,2,22.6334
"Zimbabwe","MNP","High",2002,3,29.3341
"Zimbabwe","MNP","High",2003,4,32.1311
"Zimbabwe","MNP","High",2004,5,35.7649
"Zimbabwe","MNP","High",2005,6,35.7649
"Zimbabwe","MNP","High",2006,7,35.7649
"Zimbabwe","MNP","High",2007,8,35.7649
"Zimbabwe","MNP","High",2008,9,35.7649
"Zimbabwe","MNP","High",2009,10,35.7649
"Zimbabwe","MNP","High",2010,11,NA
"Zimbabwe","MNP","High",2011,12,NA
"Zimbabwe","MNP","High",2012,13,NA
"Zimbabwe","MNP","High",2013,14,NA
"Zimbabwe","MNP","High",2014,15,NA
"Zimbabwe","MNP","High",2015,16,NA
"Zimbabwe","MNP","High",2016,17,NA
"Zimbabwe","MNP","High",2017,18,NA
"Zimbabwe","MNP","High",2018,19,NA
"Zimbabwe","MNP","High",2019,20,NA
"Zimbabwe","MUS","High",2000,1,15.188
"Zimbabwe","MUS","High",2001,2,22.817
"Zimbabwe","MUS","High",2002,3,28.9173
"Zimbabwe","MUS","High",2003,4,38.2471
"Zimbabwe","MUS","High",2004,5,45.0568
"Zimbabwe","MUS","High",2005,6,53.7501
"Zimbabwe","MUS","High",2006,7,62.8941
"Zimbabwe","MUS","High",2007,8,75.2598
"Zimbabwe","MUS","High",2008,9,83.3803
"Zimbabwe","MUS","High",2009,10,87.3598
"Zimbabwe","MUS","High",2010,11,95.4281
"Zimbabwe","MUS","High",2011,12,103.439
"Zimbabwe","MUS","High",2012,13,118.533
"Zimbabwe","MUS","High",2013,14,122.155
"Zimbabwe","MUS","High",2014,15,131.387
"Zimbabwe","MUS","High",2015,16,139.925
"Zimbabwe","MUS","High",2016,17,143.755
"Zimbabwe","MUS","High",2017,18,145.473
"Zimbabwe","MUS","High",2018,19,151.359
"Zimbabwe","MUS","High",2019,20,151.359
"Zimbabwe","MYS","Low",2000,1,22.082
"Zimbabwe","MYS","Low",2001,2,31.1484
"Zimbabwe","MYS","Low",2002,3,37.3961
"Zimbabwe","MYS","Low",2003,4,45.0386
"Zimbabwe","MYS","Low",2004,5,58.0017
"Zimbabwe","MYS","Low",2005,6,76.0784
"Zimbabwe","MYS","Low",2006,7,74.2835
"Zimbabwe","MYS","Low",2007,8,87.3753
"Zimbabwe","MYS","Low",2008,9,101.751
"Zimbabwe","MYS","Low",2009,10,108.686
"Zimbabwe","MYS","Low",2010,11,120.032
"Zimbabwe","MYS","Low",2011,12,127.958
"Zimbabwe","MYS","Low",2012,13,142.165
"Zimbabwe","MYS","Low",2013,14,145.933
"Zimbabwe","MYS","Low",2014,15,150.431
"Zimbabwe","MYS","Low",2015,16,145.697
"Zimbabwe","MYS","Low",2016,17,141.651
"Zimbabwe","MYS","Low",2017,18,136.116
"Zimbabwe","MYS","Low",2018,19,134.526
"Zimbabwe","MYS","Low",2019,20,139.598
"Zimbabwe","NCL","High",2000,1,22.989
"Zimbabwe","NCL","High",2001,2,30.6633
"Zimbabwe","NCL","High",2002,3,35.4796
"Zimbabwe","NCL","High",2003,4,42.3623
"Zimbabwe","NCL","High",2004,5,50.0006
"Zimbabwe","NCL","High",2005,6,56.7856
"Zimbabwe","NCL","High",2006,7,64.6022
"Zimbabwe","NCL","High",2007,8,72.4733
"Zimbabwe","NCL","High",2008,9,79.6425
"Zimbabwe","NCL","High",2009,10,83.8095
"Zimbabwe","NCL","High",2010,11,87.0957
"Zimbabwe","NCL","High",2011,12,88.4289
"Zimbabwe","NCL","High",2012,13,88.6236
"Zimbabwe","NCL","High",2013,14,91.0151
"Zimbabwe","NCL","High",2014,15,90.7974
"Zimbabwe","NCL","High",2015,16,96.0201
"Zimbabwe","NCL","High",2016,17,96.0201
"Zimbabwe","NCL","High",2017,18,96.0201
"Zimbabwe","NCL","High",2018,19,96.0201
"Zimbabwe","NCL","High",2019,20,96.0201
"Zimbabwe","NLD","High",2000,1,67.5303
"Zimbabwe","NLD","High",2001,2,76.1638
"Zimbabwe","NLD","High",2002,3,75.107
"Zimbabwe","NLD","High",2003,4,81.4767
"Zimbabwe","NLD","High",2004,5,90.869
"Zimbabwe","NLD","High",2005,6,96.7425
"Zimbabwe","NLD","High",2006,7,105.206
"Zimbabwe","NLD","High",2007,8,116.832
"Zimbabwe","NLD","High",2008,9,124.498
"Zimbabwe","NLD","High",2009,10,121.187
"Zimbabwe","NLD","High",2010,11,114.962
"Zimbabwe","NLD","High",2011,12,118.467
"Zimbabwe","NLD","High",2012,13,117.42
"Zimbabwe","NLD","High",2013,14,115.576
"Zimbabwe","NLD","High",2014,15,115.803
"Zimbabwe","NLD","High",2015,16,122.851
"Zimbabwe","NLD","High",2016,17,123.018
"Zimbabwe","NLD","High",2017,18,120.625
"Zimbabwe","NLD","High",2018,19,124.27
"Zimbabwe","NLD","High",2019,20,127.285
"Zimbabwe","NOR","High",2000,1,71.6545
"Zimbabwe","NOR","High",2001,2,79.4359
"Zimbabwe","NOR","High",2002,3,83.3696
"Zimbabwe","NOR","High",2003,4,88.8563
"Zimbabwe","NOR","High",2004,5,98.4023
"Zimbabwe","NOR","High",2005,6,102.636
"Zimbabwe","NOR","High",2006,7,104.193
"Zimbabwe","NOR","High",2007,8,106.743
"Zimbabwe","NOR","High",2008,9,109.226
"Zimbabwe","NOR","High",2009,10,110.933
"Zimbabwe","NOR","High",2010,11,114.601
"Zimbabwe","NOR","High",2011,12,115.705
"Zimbabwe","NOR","High",2012,13,115.633
"Zimbabwe","NOR","High",2013,14,112.06
"Zimbabwe","NOR","High",2014,15,111.584
"Zimbabwe","NOR","High",2015,16,109.905
"Zimbabwe","NOR","High",2016,17,109.115
"Zimbabwe","NOR","High",2017,18,107.993
"Zimbabwe","NOR","High",2018,19,107.174
"Zimbabwe","NOR","High",2019,20,107.174
"Zimbabwe","NRU","High",2000,1,11.6088
"Zimbabwe","NRU","High",2001,2,14.6843
"Zimbabwe","NRU","High",2002,3,14.6843
"Zimbabwe","NRU","High",2003,4,14.6843
"Zimbabwe","NRU","High",2004,5,14.6843
"Zimbabwe","NRU","High",2005,6,14.6843
"Zimbabwe","NRU","High",2006,7,14.6843
"Zimbabwe","NRU","High",2007,8,NA
"Zimbabwe","NRU","High",2008,9,NA
"Zimbabwe","NRU","High",2009,10,NA
"Zimbabwe","NRU","High",2010,11,61.969
"Zimbabwe","NRU","High",2011,12,66.5343
"Zimbabwe","NRU","High",2012,13,67.0611
"Zimbabwe","NRU","High",2013,14,67.0611
"Zimbabwe","NRU","High",2014,15,67.0611
"Zimbabwe","NRU","High",2015,16,90.5326
"Zimbabwe","NRU","High",2016,17,94.5107
"Zimbabwe","NRU","High",2017,18,94.5805
"Zimbabwe","NRU","High",2018,19,94.5805
"Zimbabwe","NRU","High",2019,20,94.5805
"Zimbabwe","NZL","High",2000,1,39.9585
"Zimbabwe","NZL","High",2001,2,58.5476
"Zimbabwe","NZL","High",2002,3,61.7934
"Zimbabwe","NZL","High",2003,4,64.6185
"Zimbabwe","NZL","High",2004,5,74.1832
"Zimbabwe","NZL","High",2005,6,85.3615
"Zimbabwe","NZL","High",2006,7,90.8359
"Zimbabwe","NZL","High",2007,8,100.429
"Zimbabwe","NZL","High",2008,9,107.99
"Zimbabwe","NZL","High",2009,10,108.712
"Zimbabwe","NZL","High",2010,11,107.779
"Zimbabwe","NZL","High",2011,12,109.082
"Zimbabwe","NZL","High",2012,13,110.15
"Zimbabwe","NZL","High",2013,14,105.477
"Zimbabwe","NZL","High",2014,15,111.658
"Zimbabwe","NZL","High",2015,16,121.356
"Zimbabwe","NZL","High",2016,17,130.922
"Zimbabwe","NZL","High",2017,18,136.111
"Zimbabwe","NZL","High",2018,19,134.932
"Zimbabwe","NZL","High",2019,20,134.932
"Zimbabwe","OMN","High",2000,1,7.14294
"Zimbabwe","OMN","High",2001,2,14.0743
"Zimbabwe","OMN","High",2002,3,19.8299
"Zimbabwe","OMN","High",2003,4,24.8935
"Zimbabwe","OMN","High",2004,5,32.9697
"Zimbabwe","OMN","High",2005,6,53.0901
"Zimbabwe","OMN","High",2006,7,70.4453
"Zimbabwe","OMN","High",2007,8,94.0855
"Zimbabwe","OMN","High",2008,9,117.026
"Zimbabwe","OMN","High",2009,10,138.05
"Zimbabwe","OMN","High",2010,11,151.446
"Zimbabwe","OMN","High",2011,12,147.926
"Zimbabwe","OMN","High",2012,13,150.873
"Zimbabwe","OMN","High",2013,14,149.209
"Zimbabwe","OMN","High",2014,15,153.806
"Zimbabwe","OMN","High",2015,16,155.756
"Zimbabwe","OMN","High",2016,17,153.291
"Zimbabwe","OMN","High",2017,18,148.822
"Zimbabwe","OMN","High",2018,19,133.366
"Zimbabwe","OMN","High",2019,20,138.232
"Zimbabwe","PAN","High",2000,1,13.5431
"Zimbabwe","PAN","High",2001,2,15.3785
"Zimbabwe","PAN","High",2002,3,16.6978
"Zimbabwe","PAN","High",2003,4,21.5767
"Zimbabwe","PAN","High",2004,5,38.5381
"Zimbabwe","PAN","High",2005,6,52.5113
"Zimbabwe","PAN","High",2006,7,64.1116
"Zimbabwe","PAN","High",2007,8,87.1719
"Zimbabwe","PAN","High",2008,9,111.349
"Zimbabwe","PAN","High",2009,10,169.498
"Zimbabwe","PAN","High",2010,11,182.457
"Zimbabwe","PAN","High",2011,12,181.72
"Zimbabwe","PAN","High",2012,13,164.789
"Zimbabwe","PAN","High",2013,14,161.771
"Zimbabwe","PAN","High",2014,15,177.02
"Zimbabwe","PAN","High",2015,16,144.688
"Zimbabwe","PAN","High",2016,17,127.364
"Zimbabwe","PAN","High",2017,18,128.573
"Zimbabwe","PAN","High",2018,19,130.068
"Zimbabwe","PAN","High",2019,20,131.852
"Zimbabwe","PHL","Low",2000,1,8.27569
"Zimbabwe","PHL","Low",2001,2,15.2614
"Zimbabwe","PHL","Low",2002,3,18.9061
"Zimbabwe","PHL","Low",2003,4,27.103
"Zimbabwe","PHL","Low",2004,5,38.8805
"Zimbabwe","PHL","Low",2005,6,40.2879
"Zimbabwe","PHL","Low",2006,7,48.7764
"Zimbabwe","PHL","Low",2007,8,64.1402
"Zimbabwe","PHL","Low",2008,9,74.9348
"Zimbabwe","PHL","Low",2009,10,81.7912
"Zimbabwe","PHL","Low",2010,11,88.4889
"Zimbabwe","PHL","Low",2011,12,98.5558
"Zimbabwe","PHL","Low",2012,13,104.902
"Zimbabwe","PHL","Low",2013,14,103.997
"Zimbabwe","PHL","Low",2014,15,110.758
"Zimbabwe","PHL","Low",2015,16,115.399
"Zimbabwe","PHL","Low",2016,17,115.852
"Zimbabwe","PHL","Low",2017,18,110.128
"Zimbabwe","PHL","Low",2018,19,110.128
"Zimbabwe","PHL","Low",2019,20,154.761
"Zimbabwe","POL","High",2000,1,17.4989
"Zimbabwe","POL","High",2001,2,25.9662
"Zimbabwe","POL","High",2002,3,36.1106
"Zimbabwe","POL","High",2003,4,45.2664
"Zimbabwe","POL","High",2004,5,60.1467
"Zimbabwe","POL","High",2005,6,76.0156
"Zimbabwe","POL","High",2006,7,95.8049
"Zimbabwe","POL","High",2007,8,107.914
"Zimbabwe","POL","High",2008,9,114.52
"Zimbabwe","POL","High",2009,10,116.83
"Zimbabwe","POL","High",2010,11,122.495
"Zimbabwe","POL","High",2011,12,131.012
"Zimbabwe","POL","High",2012,13,141.487
"Zimbabwe","POL","High",2013,14,149.307
"Zimbabwe","POL","High",2014,15,149.393
"Zimbabwe","POL","High",2015,16,143.39
"Zimbabwe","POL","High",2016,17,139.518
"Zimbabwe","POL","High",2017,18,132.95
"Zimbabwe","POL","High",2018,19,134.748
"Zimbabwe","POL","High",2019,20,137.955
"Zimbabwe","PRI","High",2000,1,35.9257
"Zimbabwe","PRI","High",2001,2,44.3605
"Zimbabwe","PRI","High",2002,3,44.945
"Zimbabwe","PRI","High",2003,4,46.7767
"Zimbabwe","PRI","High",2004,5,50.7393
"Zimbabwe","PRI","High",2005,6,54.8878
"Zimbabwe","PRI","High",2006,7,60.6782
"Zimbabwe","PRI","High",2007,8,67.2368
"Zimbabwe","PRI","High",2008,9,70.4979
"Zimbabwe","PRI","High",2009,10,75.4119
"Zimbabwe","PRI","High",2010,11,81.9586
"Zimbabwe","PRI","High",2011,12,87.3172
"Zimbabwe","PRI","High",2012,13,86.2331
"Zimbabwe","PRI","High",2013,14,88.05
"Zimbabwe","PRI","High",2014,15,92.9105
"Zimbabwe","PRI","High",2015,16,94.7797
"Zimbabwe","PRI","High",2016,17,99.0573
"Zimbabwe","PRI","High",2017,18,107.135
"Zimbabwe","PRI","High",2018,19,109.563
"Zimbabwe","PRI","High",2019,20,114.951
"Zimbabwe","PRT","High",2000,1,64.7264
"Zimbabwe","PRT","High",2001,2,77.1413
"Zimbabwe","PRT","High",2002,3,83.4779
"Zimbabwe","PRT","High",2003,4,95.9068
"Zimbabwe","PRT","High",2004,5,100.957
"Zimbabwe","PRT","High",2005,6,108.934
"Zimbabwe","PRT","High",2006,7,115.969
"Zimbabwe","PRT","High",2007,8,127.468
"Zimbabwe","PRT","High",2008,9,132.598
"Zimbabwe","PRT","High",2009,10,111.232
"Zimbabwe","PRT","High",2010,11,115.235
"Zimbabwe","PRT","High",2011,12,116.701
"Zimbabwe","PRT","High",2012,13,113.217
"Zimbabwe","PRT","High",2013,14,114.494
"Zimbabwe","PRT","High",2014,15,114.181
"Zimbabwe","PRT","High",2015,16,112.985
"Zimbabwe","PRT","High",2016,17,112.072
"Zimbabwe","PRT","High",2017,18,114.342
"Zimbabwe","PRT","High",2018,19,115.636
"Zimbabwe","PRT","High",2019,20,116.463
"Zimbabwe","PRY","Low",2000,1,15.4195
"Zimbabwe","PRY","Low",2001,2,21.1847
"Zimbabwe","PRY","Low",2002,3,30.1343
"Zimbabwe","PRY","Low",2003,4,31.4282
"Zimbabwe","PRY","Low",2004,5,30.5215
"Zimbabwe","PRY","Low",2005,6,32.3999
"Zimbabwe","PRY","Low",2006,7,54.6715
"Zimbabwe","PRY","Low",2007,8,78.2599
"Zimbabwe","PRY","Low",2008,9,95.2224
"Zimbabwe","PRY","Low",2009,10,91.1529
"Zimbabwe","PRY","Low",2010,11,94.7637
"Zimbabwe","PRY","Low",2011,12,103.08
"Zimbabwe","PRY","Low",2012,13,105.796
"Zimbabwe","PRY","Low",2013,14,108.341
"Zimbabwe","PRY","Low",2014,15,110.694
"Zimbabwe","PRY","Low",2015,16,110.813
"Zimbabwe","PRY","Low",2016,17,110.499
"Zimbabwe","PRY","Low",2017,18,108.755
"Zimbabwe","PRY","Low",2018,19,106.953
"Zimbabwe","PRY","Low",2019,20,106.953
"Zimbabwe","PYF","High",2000,1,16.5776
"Zimbabwe","PYF","High",2001,2,27.4771
"Zimbabwe","PYF","High",2002,3,20.9863
"Zimbabwe","PYF","High",2003,4,23.7829
"Zimbabwe","PYF","High",2004,5,37.5012
"Zimbabwe","PYF","High",2005,6,46.3714
"Zimbabwe","PYF","High",2006,7,58.2353
"Zimbabwe","PYF","High",2007,8,66.5524
"Zimbabwe","PYF","High",2008,9,70.8723
"Zimbabwe","PYF","High",2009,10,78.5138
"Zimbabwe","PYF","High",2010,11,81.0231
"Zimbabwe","PYF","High",2011,12,83.2382
"Zimbabwe","PYF","High",2012,13,84.6107
"Zimbabwe","PYF","High",2013,14,90.0369
"Zimbabwe","PYF","High",2014,15,93.8971
"Zimbabwe","PYF","High",2015,16,98.2462
"Zimbabwe","PYF","High",2016,17,102.016
"Zimbabwe","PYF","High",2017,18,104.251
"Zimbabwe","PYF","High",2018,19,104.251
"Zimbabwe","PYF","High",2019,20,104.251
"Zimbabwe","QAT","High",2000,1,20.3987
"Zimbabwe","QAT","High",2001,2,28.931
"Zimbabwe","QAT","High",2002,3,41.6159
"Zimbabwe","QAT","High",2003,4,55.2276
"Zimbabwe","QAT","High",2004,5,65.0884
"Zimbabwe","QAT","High",2005,6,82.8229
"Zimbabwe","QAT","High",2006,7,89.9348
"Zimbabwe","QAT","High",2007,8,103.757
"Zimbabwe","QAT","High",2008,9,99.5003
"Zimbabwe","QAT","High",2009,10,117.754
"Zimbabwe","QAT","High",2010,11,117.784
"Zimbabwe","QAT","High",2011,12,113.083
"Zimbabwe","QAT","High",2012,13,118.448
"Zimbabwe","QAT","High",2013,14,141.676
"Zimbabwe","QAT","High",2014,15,134.427
"Zimbabwe","QAT","High",2015,16,145.787
"Zimbabwe","QAT","High",2016,17,137.606
"Zimbabwe","QAT","High",2017,18,146.384
"Zimbabwe","QAT","High",2018,19,141.856
"Zimbabwe","QAT","High",2019,20,138.329
"Zimbabwe","ROU","High",2000,1,11.2886
"Zimbabwe","ROU","High",2001,2,17.4863
"Zimbabwe","ROU","High",2002,3,23.3859
"Zimbabwe","ROU","High",2003,4,32.4114
"Zimbabwe","ROU","High",2004,5,47.3419
"Zimbabwe","ROU","High",2005,6,62.3521
"Zimbabwe","ROU","High",2006,7,75.3074
"Zimbabwe","ROU","High",2007,8,96.985
"Zimbabwe","ROU","High",2008,9,117.478
"Zimbabwe","ROU","High",2009,10,121.62
"Zimbabwe","ROU","High",2010,11,118.993
"Zimbabwe","ROU","High",2011,12,115.161
"Zimbabwe","ROU","High",2012,13,112.916
"Zimbabwe","ROU","High",2013,14,113.795
"Zimbabwe","ROU","High",2014,15,114.394
"Zimbabwe","ROU","High",2015,16,116.034
"Zimbabwe","ROU","High",2016,17,115.678
"Zimbabwe","ROU","High",2017,18,113.972
"Zimbabwe","ROU","High",2018,19,116.246
"Zimbabwe","ROU","High",2019,20,117.075
"Zimbabwe","SAU","High",2000,1,6.6584
"Zimbabwe","SAU","High",2001,2,11.9261
"Zimbabwe","SAU","High",2002,3,22.9667
"Zimbabwe","SAU","High",2003,4,32.232
"Zimbabwe","SAU","High",2004,5,39.6658
"Zimbabwe","SAU","High",2005,6,59.4729
"Zimbabwe","SAU","High",2006,7,80.4137
"Zimbabwe","SAU","High",2007,8,112.767
"Zimbabwe","SAU","High",2008,9,139.058
"Zimbabwe","SAU","High",2009,10,168.471
"Zimbabwe","SAU","High",2010,11,188.044
"Zimbabwe","SAU","High",2011,12,191.032
"Zimbabwe","SAU","High",2012,13,181.788
"Zimbabwe","SAU","High",2013,14,176.707
"Zimbabwe","SAU","High",2014,15,170.572
"Zimbabwe","SAU","High",2015,16,166.456
"Zimbabwe","SAU","High",2016,17,147.742
"Zimbabwe","SAU","High",2017,18,121.479
"Zimbabwe","SAU","High",2018,19,122.573
"Zimbabwe","SAU","High",2019,20,120.515
"Zimbabwe","SGP","High",2000,1,68.1928
"Zimbabwe","SGP","High",2001,2,73.3749
"Zimbabwe","SGP","High",2002,3,80.7179
"Zimbabwe","SGP","High",2003,4,86.6264
"Zimbabwe","SGP","High",2004,5,95.535
"Zimbabwe","SGP","High",2005,6,102.788
"Zimbabwe","SGP","High",2006,7,108.774
"Zimbabwe","SGP","High",2007,8,129.386
"Zimbabwe","SGP","High",2008,9,134.319
"Zimbabwe","SGP","High",2009,10,138.622
"Zimbabwe","SGP","High",2010,11,143.916
"Zimbabwe","SGP","High",2011,12,148.078
"Zimbabwe","SGP","High",2012,13,150.249
"Zimbabwe","SGP","High",2013,14,154.721
"Zimbabwe","SGP","High",2014,15,146.658
"Zimbabwe","SGP","High",2015,16,147.226
"Zimbabwe","SGP","High",2016,17,149.651
"Zimbabwe","SGP","High",2017,18,146.844
"Zimbabwe","SGP","High",2018,19,145.707
"Zimbabwe","SGP","High",2019,20,156.378
"Zimbabwe","SLV","Low",2000,1,12.6297
"Zimbabwe","SLV","Low",2001,2,14.4724
"Zimbabwe","SLV","Low",2002,3,14.9077
"Zimbabwe","SLV","Low",2003,4,19.1821
"Zimbabwe","SLV","Low",2004,5,30.4223
"Zimbabwe","SLV","Low",2005,6,39.8497
"Zimbabwe","SLV","Low",2006,7,63.3551
"Zimbabwe","SLV","Low",2007,8,100.517
"Zimbabwe","SLV","Low",2008,9,113.356
"Zimbabwe","SLV","Low",2009,10,122.875
"Zimbabwe","SLV","Low",2010,11,124.523
"Zimbabwe","SLV","Low",2011,12,133.903
"Zimbabwe","SLV","Low",2012,13,138.652
"Zimbabwe","SLV","Low",2013,14,143.501
"Zimbabwe","SLV","Low",2014,15,146.039
"Zimbabwe","SLV","Low",2015,16,147.572
"Zimbabwe","SLV","Low",2016,17,151.621
"Zimbabwe","SLV","Low",2017,18,148.37
"Zimbabwe","SLV","Low",2018,19,146.913
"Zimbabwe","SLV","Low",2019,20,146.913
"Zimbabwe","SMR","High",2000,1,52.8112
"Zimbabwe","SMR","High",2001,2,57.0042
"Zimbabwe","SMR","High",2002,3,59.4818
"Zimbabwe","SMR","High",2003,4,59.1695
"Zimbabwe","SMR","High",2004,5,59.0359
"Zimbabwe","SMR","High",2005,6,58.4845
"Zimbabwe","SMR","High",2006,7,58.5522
"Zimbabwe","SMR","High",2007,8,58.2111
"Zimbabwe","SMR","High",2008,9,80.1801
"Zimbabwe","SMR","High",2009,10,97.1865
"Zimbabwe","SMR","High",2010,11,97.9442
"Zimbabwe","SMR","High",2011,12,112.015
"Zimbabwe","SMR","High",2012,13,112.132
"Zimbabwe","SMR","High",2013,14,112.985
"Zimbabwe","SMR","High",2014,15,114.119
"Zimbabwe","SMR","High",2015,16,110.075
"Zimbabwe","SMR","High",2016,17,109.151
"Zimbabwe","SMR","High",2017,18,112.857
"Zimbabwe","SMR","High",2018,19,112.857
"Zimbabwe","SMR","High",2019,20,114.442
"Zimbabwe","SUR","Low",2000,1,8.71602
"Zimbabwe","SUR","Low",2001,2,18.2551
"Zimbabwe","SUR","Low",2002,3,22.471
"Zimbabwe","SUR","Low",2003,4,34.5373
"Zimbabwe","SUR","Low",2004,5,43.1088
"Zimbabwe","SUR","Low",2005,6,46.607
"Zimbabwe","SUR","Low",2006,7,63.3293
"Zimbabwe","SUR","Low",2007,8,74.3377
"Zimbabwe","SUR","Low",2008,9,127.07
"Zimbabwe","SUR","Low",2009,10,146.032
"Zimbabwe","SUR","Low",2010,11,98.4947
"Zimbabwe","SUR","Low",2011,12,99.6904
"Zimbabwe","SUR","Low",2012,13,105.141
"Zimbabwe","SUR","Low",2013,14,158.709
"Zimbabwe","SUR","Low",2014,15,167.693
"Zimbabwe","SUR","Low",2015,16,134.216
"Zimbabwe","SUR","Low",2016,17,142.839
"Zimbabwe","SUR","Low",2017,18,139.505
"Zimbabwe","SUR","Low",2018,19,130.605
"Zimbabwe","SUR","Low",2019,20,139.987
"Zimbabwe","SVK","High",2000,1,23.0355
"Zimbabwe","SVK","High",2001,2,39.7654
"Zimbabwe","SVK","High",2002,3,54.1355
"Zimbabwe","SVK","High",2003,4,68.1275
"Zimbabwe","SVK","High",2004,5,79.1788
"Zimbabwe","SVK","High",2005,6,84.0971
"Zimbabwe","SVK","High",2006,7,90.6377
"Zimbabwe","SVK","High",2007,8,112.399
"Zimbabwe","SVK","High",2008,9,102.235
"Zimbabwe","SVK","High",2009,10,101.788
"Zimbabwe","SVK","High",2010,11,109.635
"Zimbabwe","SVK","High",2011,12,110.614
"Zimbabwe","SVK","High",2012,13,112.55
"Zimbabwe","SVK","High",2013,14,114.51
"Zimbabwe","SVK","High",2014,15,117.486
"Zimbabwe","SVK","High",2015,16,122.811
"Zimbabwe","SVK","High",2016,17,128.444
"Zimbabwe","SVK","High",2017,18,130.651
"Zimbabwe","SVK","High",2018,19,132.802
"Zimbabwe","SVK","High",2019,20,135.597
"Zimbabwe","SVN","High",2000,1,61.1556
"Zimbabwe","SVN","High",2001,2,73.968
"Zimbabwe","SVN","High",2002,3,83.8958
"Zimbabwe","SVN","High",2003,4,87.4883
"Zimbabwe","SVN","High",2004,5,92.886
"Zimbabwe","SVN","High",2005,6,88.1831
"Zimbabwe","SVN","High",2006,7,90.8682
"Zimbabwe","SVN","High",2007,8,95.8399
"Zimbabwe","SVN","High",2008,9,101.574
"Zimbabwe","SVN","High",2009,10,103.276
"Zimbabwe","SVN","High",2010,11,103.847
"Zimbabwe","SVN","High",2011,12,105.716
"Zimbabwe","SVN","High",2012,13,108.909
"Zimbabwe","SVN","High",2013,14,110.686
"Zimbabwe","SVN","High",2014,15,112.522
"Zimbabwe","SVN","High",2015,16,113.65
"Zimbabwe","SVN","High",2016,17,115.02
"Zimbabwe","SVN","High",2017,18,117.664
"Zimbabwe","SVN","High",2018,19,118.674
"Zimbabwe","SVN","High",2019,20,120.846
"Zimbabwe","SWE","High",2000,1,71.7469
"Zimbabwe","SWE","High",2001,2,80.6717
"Zimbabwe","SWE","High",2002,3,89.1073
"Zimbabwe","SWE","High",2003,4,98.3194
"Zimbabwe","SWE","High",2004,5,97.7126
"Zimbabwe","SWE","High",2005,6,100.723
"Zimbabwe","SWE","High",2006,7,105.616
"Zimbabwe","SWE","High",2007,8,110.411
"Zimbabwe","SWE","High",2008,9,108.419
"Zimbabwe","SWE","High",2009,10,112.1
"Zimbabwe","SWE","High",2010,11,117.063
"Zimbabwe","SWE","High",2011,12,120.995
"Zimbabwe","SWE","High",2012,13,124.161
"Zimbabwe","SWE","High",2013,14,124.915
"Zimbabwe","SWE","High",2014,15,127.036
"Zimbabwe","SWE","High",2015,16,129.431
"Zimbabwe","SWE","High",2016,17,127.523
"Zimbabwe","SWE","High",2017,18,126.395
"Zimbabwe","SWE","High",2018,19,125.12
"Zimbabwe","SWE","High",2019,20,126.324
"Zimbabwe","SYC","High",2000,1,32.0522
"Zimbabwe","SYC","High",2001,2,44.5106
"Zimbabwe","SYC","High",2002,3,53.2024
"Zimbabwe","SYC","High",2003,4,57.3698
"Zimbabwe","SYC","High",2004,5,62.2121
"Zimbabwe","SYC","High",2005,6,66.3365
"Zimbabwe","SYC","High",2006,7,78.5694
"Zimbabwe","SYC","High",2007,8,85.7806
"Zimbabwe","SYC","High",2008,9,103.347
"Zimbabwe","SYC","High",2009,10,121.878
"Zimbabwe","SYC","High",2010,11,128.843
"Zimbabwe","SYC","High",2011,12,137.777
"Zimbabwe","SYC","High",2012,13,147.382
"Zimbabwe","SYC","High",2013,14,146.464
"Zimbabwe","SYC","High",2014,15,160.628
"Zimbabwe","SYC","High",2015,16,156.082
"Zimbabwe","SYC","High",2016,17,158.664
"Zimbabwe","SYC","High",2017,18,173.497
"Zimbabwe","SYC","High",2018,19,184.298
"Zimbabwe","SYC","High",2019,20,198.152
"Zimbabwe","TTO","High",2000,1,12.7735
"Zimbabwe","TTO","High",2001,2,20.1399
"Zimbabwe","TTO","High",2002,3,20.5739
"Zimbabwe","TTO","High",2003,4,26.2046
"Zimbabwe","TTO","High",2004,5,50.475
"Zimbabwe","TTO","High",2005,6,71.2764
"Zimbabwe","TTO","High",2006,7,116.601
"Zimbabwe","TTO","High",2007,8,115.388
"Zimbabwe","TTO","High",2008,9,137.406
"Zimbabwe","TTO","High",2009,10,139.776
"Zimbabwe","TTO","High",2010,11,142.623
"Zimbabwe","TTO","High",2011,12,136.673
"Zimbabwe","TTO","High",2012,13,140.07
"Zimbabwe","TTO","High",2013,14,143.597
"Zimbabwe","TTO","High",2014,15,145.379
"Zimbabwe","TTO","High",2015,16,154.954
"Zimbabwe","TTO","High",2016,17,157.223
"Zimbabwe","TTO","High",2017,18,146.716
"Zimbabwe","TTO","High",2018,19,140.057
"Zimbabwe","TTO","High",2019,20,155.109
"Zimbabwe","TUR","Low",2000,1,25.5113
"Zimbabwe","TUR","Low",2001,2,30.4911
"Zimbabwe","TUR","Low",2002,3,35.8017
"Zimbabwe","TUR","Low",2003,4,42.1967
"Zimbabwe","TUR","Low",2004,5,51.7939
"Zimbabwe","TUR","Low",2005,6,64.222
"Zimbabwe","TUR","Low",2006,7,76.5927
"Zimbabwe","TUR","Low",2007,8,89.0689
"Zimbabwe","TUR","Low",2008,9,93.4755
"Zimbabwe","TUR","Low",2009,10,88.0234
"Zimbabwe","TUR","Low",2010,11,85.4033
"Zimbabwe","TUR","Low",2011,12,88.9418
"Zimbabwe","TUR","Low",2012,13,90.6626
"Zimbabwe","TUR","Low",2013,14,91.7493
"Zimbabwe","TUR","Low",2014,15,93.0844
"Zimbabwe","TUR","Low",2015,16,93.7728
"Zimbabwe","TUR","Low",2016,17,94.0294
"Zimbabwe","TUR","Low",2017,18,95.9117
"Zimbabwe","TUR","Low",2018,19,97.3013
"Zimbabwe","TUR","Low",2019,20,96.8372
"Zimbabwe","URY","High",2000,1,12.3741
"Zimbabwe","URY","High",2001,2,15.6366
"Zimbabwe","URY","High",2002,3,15.4396
"Zimbabwe","URY","High",2003,4,14.9693
"Zimbabwe","URY","High",2004,5,18.0573
"Zimbabwe","URY","High",2005,6,34.768
"Zimbabwe","URY","High",2006,7,70.0671
"Zimbabwe","URY","High",2007,8,90.1725
"Zimbabwe","URY","High",2008,9,105.017
"Zimbabwe","URY","High",2009,10,122.745
"Zimbabwe","URY","High",2010,11,132.087
"Zimbabwe","URY","High",2011,12,141.215
"Zimbabwe","URY","High",2012,13,147.839
"Zimbabwe","URY","High",2013,14,155.422
"Zimbabwe","URY","High",2014,15,161.659
"Zimbabwe","URY","High",2015,16,151.391
"Zimbabwe","URY","High",2016,17,149.432
"Zimbabwe","URY","High",2017,18,148.33
"Zimbabwe","URY","High",2018,19,149.904
"Zimbabwe","URY","High",2019,20,138.075
"Zimbabwe","USA","High",2000,1,38.8618
"Zimbabwe","USA","High",2001,2,45.1498
"Zimbabwe","USA","High",2002,3,49.3596
"Zimbabwe","USA","High",2003,4,55.4273
"Zimbabwe","USA","High",2004,5,63.2174
"Zimbabwe","USA","High",2005,6,69.0524
"Zimbabwe","USA","High",2006,7,77.1093
"Zimbabwe","USA","High",2007,8,82.9318
"Zimbabwe","USA","High",2008,9,86.0995
"Zimbabwe","USA","High",2009,10,89.545
"Zimbabwe","USA","High",2010,11,92.2678
"Zimbabwe","USA","High",2011,12,95.449
"Zimbabwe","USA","High",2012,13,97.0686
"Zimbabwe","USA","High",2013,14,98.1977
"Zimbabwe","USA","High",2014,15,111.556
"Zimbabwe","USA","High",2015,16,119.144
"Zimbabwe","USA","High",2016,17,122.558
"Zimbabwe","USA","High",2017,18,123.108
"Zimbabwe","USA","High",2018,19,123.688
"Zimbabwe","USA","High",2019,20,123.688
"Zimbabwe","VEN","Low",2000,1,22.516
"Zimbabwe","VEN","Low",2001,2,26.2617
"Zimbabwe","VEN","Low",2002,3,26.0629
"Zimbabwe","VEN","Low",2003,4,27.4547
"Zimbabwe","VEN","Low",2004,5,32.3926
"Zimbabwe","VEN","Low",2005,6,47.2742
"Zimbabwe","VEN","Low",2006,7,69.9789
"Zimbabwe","VEN","Low",2007,8,87.421
"Zimbabwe","VEN","Low",2008,9,99.1987
"Zimbabwe","VEN","Low",2009,10,100.33
"Zimbabwe","VEN","Low",2010,11,98.0316
"Zimbabwe","VEN","Low",2011,12,99.6335
"Zimbabwe","VEN","Low",2012,13,104.115
"Zimbabwe","VEN","Low",2013,14,103.744
"Zimbabwe","VEN","Low",2014,15,101.615
"Zimbabwe","VEN","Low",2015,16,96.7146
"Zimbabwe","VEN","Low",2016,17,92.4614
"Zimbabwe","VEN","Low",2017,18,85.3342
"Zimbabwe","VEN","Low",2018,19,71.7661
"Zimbabwe","VEN","Low",2019,20,58.0682
"Zimbabwe","VGB","High",2000,1,6.15322
"Zimbabwe","VGB","High",2001,2,6.15322
"Zimbabwe","VGB","High",2002,3,37.8627
"Zimbabwe","VGB","High",2003,4,37.8627
"Zimbabwe","VGB","High",2004,5,37.8627
"Zimbabwe","VGB","High",2005,6,37.8627
"Zimbabwe","VGB","High",2006,7,37.8627
"Zimbabwe","VGB","High",2007,8,82.6446
"Zimbabwe","VGB","High",2008,9,88.1327
"Zimbabwe","VGB","High",2009,10,173.938
"Zimbabwe","VGB","High",2010,11,170.987
"Zimbabwe","VGB","High",2011,12,164.543
"Zimbabwe","VGB","High",2012,13,169.993
"Zimbabwe","VGB","High",2013,14,185.135
"Zimbabwe","VGB","High",2014,15,188.913
"Zimbabwe","VGB","High",2015,16,196.196
"Zimbabwe","VGB","High",2016,17,196.196
"Zimbabwe","VGB","High",2017,18,204.503
"Zimbabwe","VGB","High",2018,19,198.379
"Zimbabwe","VGB","High",2019,20,198.379
"Zimbabwe","VIR","High",2000,1,32.1922
"Zimbabwe","VIR","High",2001,2,37.7216
"Zimbabwe","VIR","High",2002,3,41.5895
"Zimbabwe","VIR","High",2003,4,45.4965
"Zimbabwe","VIR","High",2004,5,59.3938
"Zimbabwe","VIR","High",2005,6,74.4939
"Zimbabwe","VIR","High",2006,7,74.4939
"Zimbabwe","VIR","High",2007,8,74.4939
"Zimbabwe","VIR","High",2008,9,74.4939
"Zimbabwe","VIR","High",2009,10,74.4939
"Zimbabwe","VIR","High",2010,11,74.4939
"Zimbabwe","VIR","High",2011,12,NA
"Zimbabwe","VIR","High",2012,13,NA
"Zimbabwe","VIR","High",2013,14,NA
"Zimbabwe","VIR","High",2014,15,NA
"Zimbabwe","VIR","High",2015,16,NA
"Zimbabwe","VIR","High",2016,17,NA
"Zimbabwe","VIR","High",2017,18,NA
"Zimbabwe","VIR","High",2018,19,NA
"Zimbabwe","VIR","High",2019,20,NA
"Zimbabwe","ZAF","Low",2000,1,18.5444
"Zimbabwe","ZAF","Low",2001,2,23.6706
"Zimbabwe","ZAF","Low",2002,3,29.6896
"Zimbabwe","ZAF","Low",2003,4,36.0879
"Zimbabwe","ZAF","Low",2004,5,44.0649
"Zimbabwe","ZAF","Low",2005,6,70.9263
"Zimbabwe","ZAF","Low",2006,7,81.7951
"Zimbabwe","ZAF","Low",2007,8,86.1161
"Zimbabwe","ZAF","Low",2008,9,90.3987
"Zimbabwe","ZAF","Low",2009,10,91.9944
"Zimbabwe","ZAF","Low",2010,11,98.3502
"Zimbabwe","ZAF","Low",2011,12,123.068
"Zimbabwe","ZAF","Low",2012,13,129.454
"Zimbabwe","ZAF","Low",2013,14,143.173
"Zimbabwe","ZAF","Low",2014,15,145.351
"Zimbabwe","ZAF","Low",2015,16,158.883
"Zimbabwe","ZAF","Low",2016,17,146.622
"Zimbabwe","ZAF","Low",2017,18,155.232
"Zimbabwe","ZAF","Low",2018,19,153.25
"Zimbabwe","ZAF","Low",2019,20,165.6
